domain,split,condition,k,draw,context_from,n_pairs,rank1,mAP,cos_own_own,cos_own_cross,cos_own_base
viper,0,zero,0,0,viper,0,50.0,58.102098877361584,,,
viper,0,base,0,0,viper,0,79.7468364238739,85.29224709296963,,,
viper,0,reference,0,0,viper,0,79.7468364238739,85.29162168645541,,,
viper,0,own,4,0,viper,4,59.17721390724182,67.00954736981723,,,
viper,0,own,4,1,viper,4,59.81012582778931,67.9727252833668,,,
viper,0,own,4,2,viper,4,58.544301986694336,66.61564573634752,,,
viper,0,own,4,3,viper,4,58.22784900665283,66.17503770587383,,,
viper,0,own,4,4,viper,4,57.91139006614685,65.8868305525808,,,
viper,0,own,16,0,viper,15,57.59493708610535,65.86377250525338,,,
viper,0,own,16,1,viper,15,56.64557218551636,64.77016887650791,,,
viper,0,own,16,2,viper,16,58.544301986694336,66.45371625631134,,,
viper,0,own,16,3,viper,16,59.17721390724182,66.70436876446753,,,
viper,0,own,16,4,viper,16,60.12658476829529,67.71960026394015,,,
viper,0,cross,16,0,grid,16,56.64557218551636,64.70822060260599,,,
viper,0,cross,16,1,grid,16,53.48101258277893,61.927938638298166,,,
viper,0,cross,16,0,ilids,16,58.22784900665283,65.9798485809141,,,
viper,0,cross,16,1,ilids,14,59.17721390724182,66.69298062339557,,,
viper,0,cosine,16,-1,-,0,nan,nan,0.9960737526416779,0.9867823034524917,0.19785826802253723
viper,1,zero,0,0,viper,0,48.41772019863129,56.534346058316174,,,
viper,1,base,0,0,viper,0,78.16455960273743,84.44039362327692,,,
viper,1,reference,0,0,viper,0,78.16455960273743,84.44000389951313,,,
viper,1,own,4,0,viper,4,59.4936728477478,66.94983719979136,,,
viper,1,own,4,1,viper,4,59.17721390724182,67.10941719422746,,,
viper,1,own,4,2,viper,4,58.22784900665283,65.63584673187583,,,
viper,1,own,4,3,viper,4,57.278478145599365,64.74556290373353,,,
viper,1,own,4,4,viper,4,60.12658476829529,67.7509455209946,,,
viper,1,own,16,0,viper,16,59.17721390724182,66.83104728037002,,,
viper,1,own,16,1,viper,15,58.86076092720032,66.85798898585115,,,
viper,1,own,16,2,viper,16,60.759490728378296,67.94061179463763,,,
viper,1,own,16,3,viper,15,59.17721390724182,67.13743173999508,,,
viper,1,own,16,4,viper,16,59.17721390724182,66.88126140300803,,,
viper,1,cross,16,0,grid,16,55.37974834442139,62.9498985756777,,,
viper,1,cross,16,1,grid,15,57.278478145599365,64.25396483937227,,,
viper,1,cross,16,0,ilids,15,58.86076092720032,66.66024481194461,,,
viper,1,cross,16,1,ilids,15,58.544301986694336,66.56754572375007,,,
viper,1,cosine,16,-1,-,0,nan,nan,0.9961746990680694,0.9831190556287766,0.19723643660545348
viper,2,zero,0,0,viper,0,52.53164768218994,60.75253762059538,,,
viper,2,base,0,0,viper,0,80.37974834442139,86.00912886267298,,,
viper,2,reference,0,0,viper,0,80.37974834442139,86.00870810144909,,,
viper,2,own,4,0,viper,4,57.59493708610535,66.81916756796097,,,
viper,2,own,4,1,viper,4,57.59493708610535,66.92998726450887,,,
viper,2,own,4,2,viper,4,56.64557218551636,65.77033589269506,,,
viper,2,own,4,3,viper,4,58.544301986694336,67.68630769666724,,,
viper,2,own,4,4,viper,4,58.22784900665283,67.2244241172583,,,
viper,2,own,16,0,viper,15,58.22784900665283,67.20236619934913,,,
viper,2,own,16,1,viper,15,57.59493708610535,66.43053035480061,,,
viper,2,own,16,2,viper,16,57.91139006614685,67.00267024665112,,,
viper,2,own,16,3,viper,16,56.96202516555786,66.08764703114198,,,
viper,2,own,16,4,viper,16,58.22784900665283,67.17335394795631,,,
viper,2,cross,16,0,grid,16,50.316452980041504,58.89947913487581,,,
viper,2,cross,16,1,grid,15,54.7468364238739,64.28011625034146,,,
viper,2,cross,16,0,ilids,15,56.96202516555786,66.20859392407463,,,
viper,2,cross,16,1,ilids,14,57.59493708610535,66.96373532188326,,,
viper,2,cosine,16,-1,-,0,nan,nan,0.9959103643894196,0.9836599171161652,0.19727082550525665
grid,0,zero,0,0,grid,0,15.999999642372131,22.961664779512166,,,
grid,0,base,0,0,grid,0,51.99999809265137,61.80121723986899,,,
grid,0,reference,0,0,grid,0,51.99999809265137,61.801131329216076,,,
grid,0,own,4,0,grid,4,31.999999284744263,39.968095528090615,,,
grid,0,own,4,1,grid,4,31.999999284744263,40.82481767051613,,,
grid,0,own,4,2,grid,4,30.399999022483826,40.06283063139458,,,
grid,0,own,4,3,grid,4,32.8000009059906,39.96139106463804,,,
grid,0,own,4,4,grid,4,30.399999022483826,39.80828220995122,,,
grid,0,own,16,0,grid,16,30.399999022483826,39.906316713848774,,,
grid,0,own,16,1,grid,15,31.200000643730164,39.48911179701059,,,
grid,0,own,16,2,grid,16,29.600000381469727,38.814607538680924,,,
grid,0,own,16,3,grid,16,31.999999284744263,41.43360236608446,,,
grid,0,own,16,4,grid,16,30.399999022483826,39.76325834088152,,,
grid,0,cross,16,0,viper,16,31.200000643730164,36.29411856548633,,,
grid,0,cross,16,1,viper,16,30.399999022483826,36.22534298949219,,,
grid,0,cross,16,0,ilids,16,28.79999876022339,34.83104674695205,,,
grid,0,cross,16,1,ilids,14,28.79999876022339,34.83846017108326,,,
grid,0,cosine,16,-1,-,0,nan,nan,0.996618127822876,0.976446458697319,0.20361877977848053
grid,1,zero,0,0,grid,0,15.999999642372131,22.21107428756165,,,
grid,1,base,0,0,grid,0,56.80000185966492,63.61827776258039,,,
grid,1,reference,0,0,grid,0,56.80000185966492,63.61818426094411,,,
grid,1,own,4,0,grid,4,24.799999594688416,35.036552835787,,,
grid,1,own,4,1,grid,4,23.999999463558197,34.28490886490996,,,
grid,1,own,4,2,grid,4,20.800000429153442,30.232925851377306,,,
grid,1,own,4,3,grid,4,26.399999856948853,35.90962109643957,,,
grid,1,own,4,4,grid,4,29.600000381469727,39.275244100373854,,,
grid,1,own,16,0,grid,15,28.00000011920929,37.5743693828036,,,
grid,1,own,16,1,grid,16,27.20000147819519,36.380485989942834,,,
grid,1,own,16,2,grid,15,26.399999856948853,35.96604777899789,,,
grid,1,own,16,3,grid,16,26.399999856948853,36.46979991302389,,,
grid,1,own,16,4,grid,14,26.399999856948853,36.77967824887845,,,
grid,1,cross,16,0,viper,16,24.799999594688416,32.72579195760702,,,
grid,1,cross,16,1,viper,15,20.800000429153442,29.16413255968569,,,
grid,1,cross,16,0,ilids,15,21.60000056028366,30.78308541351873,,,
grid,1,cross,16,1,ilids,15,20.800000429153442,30.857634598610307,,,
grid,1,cosine,16,-1,-,0,nan,nan,0.9967729330062867,0.9790959417819977,0.20322680473327637
grid,2,zero,0,0,grid,0,14.399999380111694,20.991056586011002,,,
grid,2,base,0,0,grid,0,63.999998569488525,69.26138455714636,,,
grid,2,reference,0,0,grid,0,63.999998569488525,69.26138455714636,,,
grid,2,own,4,0,grid,4,33.5999995470047,42.8568868296211,,,
grid,2,own,4,1,grid,4,28.79999876022339,38.088719405364515,,,
grid,2,own,4,2,grid,4,28.00000011920929,39.416210983882685,,,
grid,2,own,4,3,grid,4,31.999999284744263,40.923743064342375,,,
grid,2,own,4,4,grid,4,28.79999876022339,39.87735698279717,,,
grid,2,own,16,0,grid,16,28.79999876022339,40.20879807729572,,,
grid,2,own,16,1,grid,16,27.20000147819519,39.102955067474774,,,
grid,2,own,16,2,grid,16,28.00000011920929,39.26443063175113,,,
grid,2,own,16,3,grid,16,31.200000643730164,41.55239552063714,,,
grid,2,own,16,4,grid,16,31.999999284744263,41.67667261912684,,,
grid,2,cross,16,0,viper,16,28.00000011920929,35.630602717386736,,,
grid,2,cross,16,1,viper,16,28.00000011920929,35.85549037914501,,,
grid,2,cross,16,0,ilids,15,27.20000147819519,35.18683519341933,,,
grid,2,cross,16,1,ilids,14,27.20000147819519,35.18108776963012,,,
grid,2,cosine,16,-1,-,0,nan,nan,0.9970044553279876,0.9771938621997833,0.20438903868198394
ilids,0,zero,0,0,ilids,0,51.66666507720947,58.37314680803769,,,
ilids,0,base,0,0,ilids,0,86.66666746139526,90.37126068376068,,,
ilids,0,reference,0,0,ilids,0,86.66666746139526,90.37126068376068,,,
ilids,0,own,4,0,ilids,4,56.66666626930237,68.192417915041,,,
ilids,0,own,4,1,ilids,4,58.33333134651184,69.56599341361651,,,
ilids,0,own,4,2,ilids,4,51.66666507720947,63.83395609020609,,,
ilids,0,own,4,3,ilids,4,61.666667461395264,70.94289498675462,,,
ilids,0,own,4,4,ilids,4,58.33333134651184,69.49083701386331,,,
ilids,0,own,16,0,ilids,14,55.000001192092896,66.74119514744515,,,
ilids,0,own,16,1,ilids,14,53.33333611488342,65.21093982771615,,,
ilids,0,own,16,2,ilids,14,56.66666626930237,67.6212424880188,,,
ilids,0,own,16,3,ilids,14,53.33333611488342,66.00504686447024,,,
ilids,0,own,16,4,ilids,14,55.000001192092896,66.64000467125467,,,
ilids,0,cross,16,0,viper,16,53.33333611488342,64.16363104488104,,,
ilids,0,cross,16,1,viper,16,55.000001192092896,66.1715734086702,,,
ilids,0,cross,16,0,grid,16,61.666667461395264,71.5352910977911,,,
ilids,0,cross,16,1,grid,16,64.99999761581421,73.99341730394363,,,
ilids,0,cosine,16,-1,-,0,nan,nan,0.9974051237106323,0.9893471479415894,0.20589659214019776
ilids,1,zero,0,0,ilids,0,64.99999761581421,72.72760989010989,,,
ilids,1,base,0,0,ilids,0,85.00000238418579,90.01262626262626,,,
ilids,1,reference,0,0,ilids,0,85.00000238418579,90.01262626262626,,,
ilids,1,own,4,0,ilids,3,64.99999761581421,76.31712962962962,,,
ilids,1,own,4,1,ilids,4,68.33333373069763,76.37970282535498,,,
ilids,1,own,4,2,ilids,4,61.666667461395264,72.96829416510914,,,
ilids,1,own,4,3,ilids,4,64.99999761581421,75.39909297052154,,,
ilids,1,own,4,4,ilids,4,63.333332538604736,73.75515873015873,,,
ilids,1,own,16,0,ilids,14,64.99999761581421,75.4382215007215,,,
ilids,1,own,16,1,ilids,15,66.66666865348816,75.83945976051238,,,
ilids,1,own,16,2,ilids,12,63.333332538604736,74.6169658170597,,,
ilids,1,own,16,3,ilids,14,63.333332538604736,74.50704770269988,,,
ilids,1,own,16,4,ilids,13,64.99999761581421,75.48044217687075,,,
ilids,1,cross,16,0,viper,16,61.666667461395264,73.33605623100304,,,
ilids,1,cross,16,1,viper,15,61.666667461395264,72.7607560568087,,,
ilids,1,cross,16,0,grid,16,61.666667461395264,76.52077497665732,,,
ilids,1,cross,16,1,grid,15,61.666667461395264,75.40903540903543,,,
ilids,1,cosine,16,-1,-,0,nan,nan,0.9969793200492859,0.9875274509191513,0.20710942149162292
ilids,2,zero,0,0,ilids,0,51.66666507720947,61.28522825805436,,,
ilids,2,base,0,0,ilids,0,73.33333492279053,81.590867003367,,,
ilids,2,reference,0,0,ilids,0,73.33333492279053,81.57234848484849,,,
ilids,2,own,4,0,ilids,3,68.33333373069763,77.29850088183422,,,
ilids,2,own,4,1,ilids,4,68.33333373069763,76.67664742664743,,,
ilids,2,own,4,2,ilids,4,68.33333373069763,76.71296296296295,,,
ilids,2,own,4,3,ilids,4,71.66666388511658,78.46163191852847,,,
ilids,2,own,4,4,ilids,4,68.33333373069763,77.1716701173223,,,
ilids,2,own,16,0,ilids,16,68.33333373069763,76.12367724867724,,,
ilids,2,own,16,1,ilids,14,66.66666865348816,75.92151675485009,,,
ilids,2,own,16,2,ilids,13,71.66666388511658,79.3538961038961,,,
ilids,2,own,16,3,ilids,15,69.9999988079071,77.68187001376656,,,
ilids,2,own,16,4,ilids,13,66.66666865348816,75.5515873015873,,,
ilids,2,cross,16,0,viper,16,71.66666388511658,79.48611111111111,,,
ilids,2,cross,16,1,viper,16,69.9999988079071,78.22920979986196,,,
ilids,2,cross,16,0,grid,16,64.99999761581421,75.71933305485939,,,
ilids,2,cross,16,1,grid,15,68.33333373069763,77.067874935522,,,
ilids,2,cosine,16,-1,-,0,nan,nan,0.9974557340145112,0.985318711400032,0.20723685324192048
