domain,split,k,kind,idx,seed,rank1,mAP,pids
viper,0,0,zero,0,0,32.59493708610535,42.44551438802584,
viper,0,2,first,0,2000,50.316452980041504,59.63333161650228,0 1
viper,0,2,random,0,2000,52.53164768218994,61.021141362067645,64 210
viper,0,2,random,1,2001,51.582276821136475,59.88236440256982,222 19
viper,0,2,random,2,2002,50.94936490058899,59.79064279746521,113 128
viper,0,2,random,3,2003,51.898735761642456,60.195993523682425,34 54
viper,0,2,random,4,2004,50.0,59.01524091343611,58 173
viper,0,2,random,5,2005,51.26582384109497,59.93013136392838,68 61
viper,0,2,random,6,2006,50.632911920547485,59.536002226394636,224 305
viper,0,2,random,7,2007,51.898735761642456,60.447274795694675,291 282
viper,0,2,random,8,2008,51.26582384109497,59.86398078422906,257 9
viper,0,2,random,9,2009,51.898735761642456,60.538040579128314,78 122
viper,0,2,random,10,2010,51.26582384109497,59.91796911036249,168 196
viper,0,2,random,11,2011,50.632911920547485,59.53644848819542,311 126
viper,0,2,random,12,2012,51.582276821136475,59.91048591007478,226 222
viper,0,2,random,13,2013,51.26582384109497,60.16075721305991,236 134
viper,0,2,random,14,2014,51.898735761642456,60.13568465202192,151 165
viper,0,2,random,15,2015,51.898735761642456,60.233346640147424,270 241
viper,0,2,random,16,2016,50.94936490058899,59.75160570478748,102 36
viper,0,2,random,17,2017,51.898735761642456,60.38615560908962,211 57
viper,0,2,random,18,2018,51.898735761642456,60.57934477589279,149 140
viper,0,2,random,19,2019,52.21518874168396,60.35884720354322,306 302
viper,0,2,random,20,2020,51.898735761642456,60.772375515223885,140 83
viper,0,2,random,21,2021,50.316452980041504,59.236844585364736,241 139
viper,0,2,random,22,2022,50.316452980041504,59.27592533515762,58 49
viper,0,2,random,23,2023,51.26582384109497,59.92556749655685,42 112
viper,0,2,random,24,2024,50.0,59.17759103259742,161 196
viper,0,2,random,25,2025,51.26582384109497,59.84957312675056,134 305
viper,0,2,random,26,2026,48.41772019863129,57.59391842471151,144 199
viper,0,2,random,27,2027,51.582276821136475,60.192415311428036,143 140
viper,0,2,random,28,2028,51.582276821136475,60.00713657108927,51 250
viper,0,2,random,29,2029,51.582276821136475,60.07908651255168,74 69
viper,0,2,noise,0,2500,52.53164768218994,60.941152438469956,64 210
viper,0,2,noise,1,2501,52.21518874168396,60.673411504254325,64 210
viper,0,2,noise,2,2502,52.21518874168396,60.83358611573504,64 210
viper,0,2,noise,3,2503,52.21518874168396,60.60588338960311,64 210
viper,0,2,noise,4,2504,52.21518874168396,60.567960041969535,64 210
viper,0,4,first,0,4000,50.94936490058899,59.81194297875984,0 1 2 3
viper,0,4,random,0,4000,51.898735761642456,60.396496767528184,95 216 46 69
viper,0,4,random,1,4001,50.632911920547485,59.59736060677109,257 162 7 93
viper,0,4,random,2,4002,51.26582384109497,59.880560863766675,169 65 76 56
viper,0,4,random,3,4003,51.26582384109497,59.78300918254078,61 235 162 1
viper,0,4,random,4,4004,51.582276821136475,60.029239637669995,71 98 268 155
viper,0,4,random,5,4005,51.26582384109497,60.01395140735596,256 188 132 61
viper,0,4,random,6,4006,50.316452980041504,59.34548662474038,161 79 226 255
viper,0,4,random,7,4007,52.21518874168396,60.624771694240366,157 239 178 97
viper,0,4,random,8,4008,51.898735761642456,60.48467850487498,78 209 116 216
viper,0,4,random,9,4009,51.26582384109497,59.83024669072934,120 48 190 53
viper,0,4,random,10,4010,51.582276821136475,59.9806598674873,237 313 84 60
viper,0,4,random,11,4011,50.94936490058899,59.6969255010915,14 269 98 286
viper,0,4,random,12,4012,51.582276821136475,60.00439833220093,264 180 11 209
viper,0,4,random,13,4013,46.83544337749481,56.60938736638567,314 155 149 287
viper,0,4,random,14,4014,50.316452980041504,59.28167097541805,98 287 44 249
viper,0,4,random,15,4015,51.26582384109497,59.983482539360566,234 124 219 302
viper,0,4,random,16,4016,50.94936490058899,59.75716959891969,27 260 170 174
viper,0,4,random,17,4017,52.21518874168396,60.52069779816501,138 0 100 255
viper,0,4,random,18,4018,48.73417615890503,57.92150268555125,27 127 281 98
viper,0,4,random,19,4019,50.94936490058899,59.699168884171804,15 298 105 149
viper,0,4,random,20,4020,51.26582384109497,59.9161589275516,285 178 303 14
viper,0,4,random,21,4021,50.316452980041504,59.095521330815046,91 103 158 138
viper,0,4,random,22,4022,50.94936490058899,59.55758813586627,41 219 145 249
viper,0,4,random,23,4023,51.582276821136475,59.89853863653822,175 245 26 143
viper,0,4,random,24,4024,51.26582384109497,59.87872417491398,178 136 76 310
viper,0,4,random,25,4025,51.26582384109497,59.901313125205434,170 0 309 222
viper,0,4,random,26,4026,50.0,59.05783057659443,32 79 304 20
viper,0,4,random,27,4027,50.94936490058899,59.8410071915081,10 90 143 81
viper,0,4,random,28,4028,50.94936490058899,59.77360158711963,256 87 309 187
viper,0,4,random,29,4029,50.632911920547485,59.615518620771624,24 36 79 240
viper,0,4,noise,0,4500,51.582276821136475,60.071398606092785,95 216 46 69
viper,0,4,noise,1,4501,51.26582384109497,59.82317286222067,95 216 46 69
viper,0,4,noise,2,4502,50.94936490058899,59.561666141764924,95 216 46 69
viper,0,4,noise,3,4503,50.94936490058899,59.888912933265374,95 216 46 69
viper,0,4,noise,4,4504,50.94936490058899,59.82191102704003,95 216 46 69
viper,0,8,first,0,8000,51.26582384109497,60.06539363405027,0 1 2 3 4 5 6 7
viper,0,8,random,0,8000,51.898735761642456,60.18691133711281,243 49 269 58 118 274 265 308
viper,0,8,random,1,8001,50.316452980041504,59.08740569720272,26 262 191 113 242 172 128 37
viper,0,8,random,2,8002,51.898735761642456,60.358832893664314,250 284 167 79 306 118 203 151
viper,0,8,random,3,8003,51.582276821136475,60.32918217502884,279 250 263 213 98 314 200 66
viper,0,8,random,4,8004,51.582276821136475,60.27124511163275,237 154 78 108 98 190 158 25
viper,0,8,random,5,8005,52.21518874168396,60.70397875726814,111 287 90 70 130 137 86 149
viper,0,8,random,6,8006,50.94936490058899,59.82866178319196,61 279 235 250 296 40 269 181
viper,0,8,random,7,8007,51.582276821136475,60.028706761873906,243 169 26 127 289 258 217 168
viper,0,8,random,8,8008,51.898735761642456,60.77697927428358,103 121 290 147 14 192 214 119
viper,0,8,random,9,8009,51.26582384109497,60.14976935848678,60 160 256 108 232 140 299 150
viper,0,8,random,10,8010,51.898735761642456,60.4362034204033,148 313 204 0 294 157 115 11
viper,0,8,random,11,8011,50.94936490058899,59.88200534695972,81 315 281 311 88 104 27 197
viper,0,8,random,12,8012,51.898735761642456,60.20468211362233,282 44 294 155 193 311 182 29
viper,0,8,random,13,8013,51.582276821136475,60.293227445754695,244 242 252 260 11 106 246 269
viper,0,8,random,14,8014,51.26582384109497,59.906019466006796,296 220 33 200 4 146 89 309
viper,0,8,random,15,8015,51.582276821136475,60.08059188950264,97 11 268 191 94 13 171 264
viper,0,8,random,16,8016,42.08860695362091,51.663178915565275,287 155 145 136 301 137 131 130
viper,0,8,random,17,8017,52.53164768218994,60.91979089999493,110 109 82 126 147 80 100 154
viper,0,8,random,18,8018,51.26582384109497,59.91330134779703,66 269 151 24 215 307 118 75
viper,0,8,random,19,8019,51.582276821136475,60.11160822074808,159 187 237 284 167 243 91 80
viper,0,8,random,20,8020,51.898735761642456,60.064590748693256,79 111 209 131 94 245 300 252
viper,0,8,random,21,8021,51.898735761642456,60.38020962489532,249 134 130 54 72 158 142 84
viper,0,8,random,22,8022,51.26582384109497,60.15032370729796,7 288 259 125 25 86 250 141
viper,0,8,random,23,8023,51.582276821136475,59.988597387132046,64 27 295 193 135 190 103 107
viper,0,8,random,24,8024,50.0,59.142766459700645,47 110 177 220 304 199 209 72
viper,0,8,random,25,8025,51.26582384109497,59.89225543831489,30 282 268 185 53 269 171 235
viper,0,8,random,26,8026,51.898735761642456,60.206603830210895,263 206 220 207 100 282 312 244
viper,0,8,random,27,8027,51.26582384109497,59.94456677464374,99 92 101 195 91 265 249 140
viper,0,8,random,28,8028,51.26582384109497,59.97117325813469,195 6 100 89 300 260 314 60
viper,0,8,random,29,8029,51.26582384109497,59.88150745751536,211 117 60 128 80 213 204 203
viper,0,8,noise,0,8500,51.898735761642456,60.351967497261896,243 49 269 58 118 274 265 308
viper,0,8,noise,1,8501,51.898735761642456,60.3900804103939,243 49 269 58 118 274 265 308
viper,0,8,noise,2,8502,51.898735761642456,60.38242574670281,243 49 269 58 118 274 265 308
viper,0,8,noise,3,8503,51.898735761642456,60.28402434091181,243 49 269 58 118 274 265 308
viper,0,8,noise,4,8504,51.26582384109497,59.860041754936155,243 49 269 58 118 274 265 308
viper,0,16,first,0,16000,51.26582384109497,60.077979254316105,0 1 2 3 4 5 6 7 8 9 10 11 12 13 14 15
viper,0,16,random,0,16000,51.898735761642456,60.4451592637702,68 188 141 250 194 242 143 10 145 31 132 207 126 191 137 245
viper,0,16,random,1,16001,51.26582384109497,59.93640665453912,242 195 115 129 121 175 65 28 122 209 210 303 132 37 181 201
viper,0,16,random,2,16002,51.898735761642456,60.515354900339226,110 123 168 295 102 183 21 210 95 298 206 122 42 232 86 293
viper,0,16,random,3,16003,51.898735761642456,60.44434109166838,94 120 254 297 170 161 164 218 253 174 178 85 21 252 101 37
viper,0,16,random,4,16004,51.898735761642456,60.32800725447307,234 125 31 227 14 7 68 18 169 310 252 105 297 46 70 48
viper,0,16,random,5,16005,51.26582384109497,60.10485899502576,21 307 232 152 198 283 107 164 275 183 27 231 252 290 213 187
viper,0,16,random,6,16006,51.582276821136475,60.29285453635028,129 273 275 295 76 253 226 115 314 202 193 227 98 127 36 133
viper,0,16,random,7,16007,51.898735761642456,60.414966447089554,288 168 78 269 141 1 184 32 42 271 208 165 92 177 224 279
viper,0,16,random,8,16008,52.21518874168396,60.4737851306008,290 194 58 163 67 22 193 135 92 288 89 165 104 197 124 81
viper,0,16,random,9,16009,51.26582384109497,59.82189874499214,15 196 33 19 127 228 145 248 245 213 84 78 195 244 45 224
viper,0,16,random,10,16010,51.898735761642456,60.209060358301954,125 188 139 221 232 69 44 122 136 124 310 149 155 276 31 295
viper,0,16,random,11,16011,51.26582384109497,59.8455968170105,313 12 10 75 285 217 286 233 14 198 107 237 2 112 167 205
viper,0,16,random,12,16012,51.898735761642456,60.21507441499505,161 254 31 80 244 151 176 61 77 184 164 253 24 273 126 182
viper,0,16,random,13,16013,51.898735761642456,60.13595339001475,1 171 227 250 303 172 152 237 29 198 30 184 85 51 267 91
viper,0,16,random,14,16014,51.898735761642456,60.263914366943595,299 52 246 63 280 249 228 260 293 161 37 105 175 296 270 55
viper,0,16,random,15,16015,52.21518874168396,60.56543902531249,15 65 148 145 7 97 307 134 73 137 287 176 5 123 86 165
viper,0,16,random,16,16016,51.898735761642456,60.253278871248874,142 61 35 245 226 75 28 54 102 129 212 21 103 31 115 51
viper,0,16,random,17,16017,51.582276821136475,60.1255064176357,249 264 240 67 217 306 250 278 304 19 32 36 233 198 244 131
viper,0,16,random,18,16018,51.898735761642456,60.185612101538275,171 169 213 200 76 66 166 21 153 263 243 105 115 128 24 41
viper,0,16,random,19,16019,51.898735761642456,60.47494778184957,270 254 52 87 51 251 125 224 75 171 133 5 291 77 142 182
viper,0,16,random,20,16020,51.898735761642456,60.56462590936671,86 242 30 111 210 146 260 40 231 291 234 157 238 68 179 46
viper,0,16,random,21,16021,52.21518874168396,60.569679212682935,156 217 20 82 141 51 142 293 100 222 106 207 28 94 114 57
viper,0,16,random,22,16022,51.582276821136475,60.191635263163924,260 231 84 85 294 275 206 12 165 296 300 223 249 99 137 75
viper,0,16,random,23,16023,51.26582384109497,60.0449670306717,194 147 75 115 285 293 62 50 291 95 287 301 111 53 71 87
viper,0,16,random,24,16024,51.582276821136475,60.08404371743686,53 194 37 300 245 172 209 149 41 216 25 221 64 223 312 93
viper,0,16,random,25,16025,51.898735761642456,60.41522970348513,295 141 170 309 22 47 129 283 280 306 182 243 25 27 172 203
viper,0,16,random,26,16026,51.898735761642456,60.09864264084004,219 282 39 113 140 155 16 150 262 300 299 307 55 58 180 36
viper,0,16,random,27,16027,51.582276821136475,60.15782691951145,79 30 83 269 276 1 82 298 305 301 177 248 245 242 149 51
viper,0,16,random,28,16028,50.94936490058899,59.87688698429454,161 50 3 293 70 45 170 284 66 184 189 217 248 299 303 24
viper,0,16,random,29,16029,51.582276821136475,60.20524039986118,311 121 195 65 177 198 159 196 289 184 167 54 59 85 12 152
viper,0,16,noise,0,16500,51.898735761642456,60.467062560868676,68 188 141 250 194 242 143 10 145 31 132 207 126 191 137 245
viper,0,16,noise,1,16501,51.898735761642456,60.39649540879668,68 188 141 250 194 242 143 10 145 31 132 207 126 191 137 245
viper,0,16,noise,2,16502,52.21518874168396,60.53122182732197,68 188 141 250 194 242 143 10 145 31 132 207 126 191 137 245
viper,0,16,noise,3,16503,52.53164768218994,60.843661711179955,68 188 141 250 194 242 143 10 145 31 132 207 126 191 137 245
viper,0,16,noise,4,16504,52.53164768218994,60.85531584637312,68 188 141 250 194 242 143 10 145 31 132 207 126 191 137 245
viper,0,32,first,0,32000,51.26582384109497,60.02260177350944,0 1 2 3 4 5 6 7 8 9 10 11 12 13 14 15 16 17 18 19 20 21 22 23 24 25 26 27 28 29 30 31
viper,0,32,random,0,32000,52.21518874168396,60.4478537383236,29 90 25 206 315 141 4 82 9 202 175 168 189 269 250 145 232 287 51 282 292 170 265 163 217 47 126 275 115 251 178 164
viper,0,32,random,1,32001,51.582276821136475,60.28936815938047,145 8 3 209 91 141 11 106 280 108 34 284 290 112 246 268 71 30 83 29 102 208 239 281 78 254 261 216 257 126 24 100
viper,0,32,random,2,32002,51.26582384109497,59.88917320831847,117 112 83 162 60 288 136 266 279 64 135 195 36 174 46 127 7 58 95 246 252 198 123 109 73 18 214 53 199 236 54 221
viper,0,32,random,3,32003,52.53164768218994,60.755611876632564,156 86 238 154 181 53 292 217 121 62 293 182 241 223 176 74 89 115 260 4 313 187 109 297 251 93 117 70 0 129 201 130
viper,0,32,random,4,32004,51.582276821136475,60.109712928376815,71 122 101 41 103 131 173 259 90 12 197 145 126 240 308 263 204 26 184 3 66 75 224 201 79 303 134 9 157 83 144 174
viper,0,32,random,5,32005,51.898735761642456,60.35926298405624,208 93 304 305 49 175 301 179 184 298 86 308 228 87 39 303 237 241 246 138 240 52 131 286 260 267 177 279 118 146 5 164
viper,0,32,random,6,32006,51.898735761642456,60.30211333680822,217 206 159 35 115 257 82 49 138 143 202 29 253 171 289 103 130 311 88 292 210 165 147 273 285 118 187 14 230 78 181 2
viper,0,32,random,7,32007,52.21518874168396,60.59845156143619,249 222 203 72 143 114 156 157 165 27 54 153 236 13 167 0 20 62 112 269 227 138 23 125 37 210 78 101 53 60 119 14
viper,0,32,random,8,32008,51.582276821136475,60.09700020771598,166 243 240 253 285 160 312 261 291 147 151 302 12 100 161 149 64 188 47 86 123 56 307 36 80 192 205 269 129 21 212 225
viper,0,32,random,9,32009,51.898735761642456,60.41708928735623,233 46 295 4 10 114 157 303 213 259 288 52 301 176 70 132 134 187 307 311 258 36 195 152 20 104 71 95 62 226 239 93
viper,0,32,random,10,32010,52.21518874168396,60.62787400916252,38 41 92 71 43 105 190 307 40 268 213 168 88 229 193 50 224 218 146 125 149 162 271 76 298 25 57 99 207 31 198 19
viper,0,32,random,11,32011,51.898735761642456,60.37316056058768,155 229 293 63 7 220 153 204 26 226 40 250 120 25 263 249 237 291 310 138 118 157 76 29 269 140 88 160 16 244 69 121
viper,0,32,random,12,32012,51.898735761642456,60.50012317535658,270 125 236 216 214 314 280 286 34 309 281 67 85 92 140 79 243 249 231 173 188 276 24 146 247 32 241 288 37 111 168 259
viper,0,32,random,13,32013,51.898735761642456,60.53372647632007,197 219 159 187 147 120 78 276 191 123 207 215 17 291 274 25 297 146 288 9 44 53 77 266 282 218 314 67 118 263 122 212
viper,0,32,random,14,32014,51.582276821136475,60.021830365618015,57 53 269 135 313 82 190 93 178 84 312 87 126 102 161 307 112 202 286 108 100 46 128 143 96 28 234 231 193 95 10 278
viper,0,32,random,15,32015,51.582276821136475,60.18376072532183,139 148 0 64 212 167 80 266 134 245 37 248 113 312 26 42 289 66 20 10 112 117 52 125 149 281 90 268 24 62 95 238
viper,0,32,random,16,32016,51.26582384109497,59.9335687153386,261 297 101 90 284 143 106 274 63 50 281 32 301 309 266 315 2 292 285 307 183 91 231 138 191 16 156 99 165 47 300 46
viper,0,32,random,17,32017,52.21518874168396,60.62830673031482,267 262 119 67 64 65 92 188 287 87 208 61 128 238 109 110 232 145 60 3 124 222 70 243 200 78 24 68 146 136 209 220
viper,0,32,random,18,32018,51.898735761642456,60.461567563133535,78 88 167 168 195 47 231 96 113 315 73 305 259 126 239 233 48 67 292 291 281 221 247 143 36 111 55 146 119 159 235 175
viper,0,32,random,19,32019,51.582276821136475,60.18498361486607,20 96 253 93 146 31 142 125 277 36 123 134 28 126 46 112 285 62 109 5 45 138 104 53 65 237 229 223 224 116 86 101
viper,0,32,random,20,32020,52.21518874168396,60.359583966450046,35 232 154 47 277 3 118 67 139 284 171 249 281 270 89 148 250 315 113 20 39 116 54 112 74 276 169 72 63 78 165 123
viper,0,32,random,21,32021,51.898735761642456,60.42122665947064,284 274 242 43 91 56 210 38 40 234 231 45 172 263 297 267 5 306 173 293 84 117 165 153 204 259 256 169 224 232 71 3
viper,0,32,random,22,32022,51.582276821136475,60.07691007130453,161 189 266 282 11 225 238 178 82 109 196 145 212 16 309 209 181 249 31 84 165 79 243 268 2 284 40 191 44 221 214 172
viper,0,32,random,23,32023,51.898735761642456,60.33407243219542,5 2 176 303 274 248 230 184 239 202 188 233 283 215 196 207 275 112 192 220 226 264 9 219 21 133 62 151 249 138 217 78
viper,0,32,random,24,32024,51.898735761642456,60.4060939618808,3 96 259 95 81 48 150 13 148 217 147 223 268 10 196 263 28 141 206 287 56 176 89 215 76 102 234 242 53 252 194 21
viper,0,32,random,25,32025,51.898735761642456,60.552650421816054,206 226 32 303 241 10 212 158 41 286 78 307 204 134 195 277 107 200 304 121 298 227 101 85 24 91 148 223 287 120 268 282
viper,0,32,random,26,32026,51.898735761642456,60.44939270099922,7 159 213 12 33 209 131 69 222 54 60 171 82 176 196 253 211 152 55 135 233 125 87 311 200 183 50 299 185 238 53 261
viper,0,32,random,27,32027,51.582276821136475,60.32831801554595,309 72 114 142 132 21 232 246 48 198 261 57 294 172 131 83 167 241 255 227 224 9 244 214 222 105 267 130 280 60 225 162
viper,0,32,random,28,32028,51.898735761642456,60.44612221852813,297 249 107 275 304 74 138 80 177 292 243 291 106 211 6 129 113 301 69 241 11 268 196 131 160 149 60 109 213 34 54 48
viper,0,32,random,29,32029,50.94936490058899,59.671810012041135,172 1 258 207 124 120 163 311 237 79 149 160 96 4 260 22 249 287 253 266 276 275 87 82 243 304 139 284 292 102 69 183
viper,0,32,noise,0,32500,52.21518874168396,60.461294558699805,29 90 25 206 315 141 4 82 9 202 175 168 189 269 250 145 232 287 51 282 292 170 265 163 217 47 126 275 115 251 178 164
viper,0,32,noise,1,32501,51.898735761642456,60.36399959044323,29 90 25 206 315 141 4 82 9 202 175 168 189 269 250 145 232 287 51 282 292 170 265 163 217 47 126 275 115 251 178 164
viper,0,32,noise,2,32502,51.898735761642456,60.371416206370945,29 90 25 206 315 141 4 82 9 202 175 168 189 269 250 145 232 287 51 282 292 170 265 163 217 47 126 275 115 251 178 164
viper,0,32,noise,3,32503,51.898735761642456,60.279529399369636,29 90 25 206 315 141 4 82 9 202 175 168 189 269 250 145 232 287 51 282 292 170 265 163 217 47 126 275 115 251 178 164
viper,0,32,noise,4,32504,51.898735761642456,60.44241154313199,29 90 25 206 315 141 4 82 9 202 175 168 189 269 250 145 232 287 51 282 292 170 265 163 217 47 126 275 115 251 178 164
grid,0,0,zero,0,0,15.999999642372131,24.772612736381145,
grid,0,2,first,0,2000,28.00000011920929,37.70316367494096,0 1
grid,0,2,random,0,2000,33.5999995470047,42.084282052863706,18 95
grid,0,2,random,1,2001,35.19999980926514,43.52768025573464,52 89
grid,0,2,random,2,2002,27.20000147819519,35.76198685992558,36 68
grid,0,2,random,3,2003,36.000001430511475,44.19819108222347,102 65
grid,0,2,random,4,2004,26.399999856948853,36.33155508535253,12 73
grid,0,2,random,5,2005,28.00000011920929,37.638375362149176,85 96
grid,0,2,random,6,2006,35.19999980926514,43.59096444613817,120 52
grid,0,2,random,7,2007,28.00000011920929,36.14489215754939,103 114
grid,0,2,random,8,2008,36.000001430511475,44.048904288173915,38 32
grid,0,2,random,9,2009,36.000001430511475,43.88463432820072,120 84
grid,0,2,random,10,2010,28.00000011920929,37.85044491567448,92 20
grid,0,2,random,11,2011,35.19999980926514,43.32859435960164,15 97
grid,0,2,random,12,2012,33.5999995470047,42.56590909236796,119 18
grid,0,2,random,13,2013,28.00000011920929,38.41888303343252,2 119
grid,0,2,random,14,2014,36.000001430511475,44.06879524106797,29 119
grid,0,2,random,15,2015,35.19999980926514,43.851192999116286,75 102
grid,0,2,random,16,2016,28.00000011920929,36.63782579667908,69 68
grid,0,2,random,17,2017,22.40000069141388,31.563114986382228,44 109
grid,0,2,random,18,2018,30.399999022483826,39.764973009912424,23 105
grid,0,2,random,19,2019,28.79999876022339,36.474255931647356,73 34
grid,0,2,random,20,2020,27.20000147819519,36.16680121626223,4 50
grid,0,2,random,21,2021,36.000001430511475,43.93336834202107,112 4
grid,0,2,random,22,2022,36.000001430511475,43.44971954445117,20 124
grid,0,2,random,23,2023,30.399999022483826,39.51037487342158,50 12
grid,0,2,random,24,2024,36.000001430511475,43.79559181377557,14 88
grid,0,2,random,25,2025,31.999999284744263,41.407603816179275,26 58
grid,0,2,random,26,2026,36.000001430511475,43.67772773374079,112 18
grid,0,2,random,27,2027,34.40000116825104,42.922506137912194,98 40
grid,0,2,random,28,2028,28.00000011920929,37.377912282203255,46 122
grid,0,2,random,29,2029,34.40000116825104,43.084375237223746,45 70
grid,0,2,noise,0,2500,35.19999980926514,43.07737164863673,18 95
grid,0,2,noise,1,2501,31.999999284744263,41.00285923987143,18 95
grid,0,2,noise,2,2502,32.8000009059906,41.52351683078972,18 95
grid,0,2,noise,3,2503,31.999999284744263,40.98052679395758,18 95
grid,0,2,noise,4,2504,27.20000147819519,36.92159474404348,18 95
grid,0,4,first,0,4000,36.000001430511475,43.74996573391979,0 1 2 3
grid,0,4,random,0,4000,36.000001430511475,43.95102964770688,59 75 29 41
grid,0,4,random,1,4001,34.40000116825104,43.14712687263753,9 65 109 72
grid,0,4,random,2,4002,36.000001430511475,43.89596669499162,108 18 59 16
grid,0,4,random,3,4003,27.20000147819519,36.861739582377474,46 98 57 105
grid,0,4,random,4,4004,34.40000116825104,43.23368246223318,64 123 110 70
grid,0,4,random,5,4005,36.000001430511475,43.69305934721285,6 85 100 21
grid,0,4,random,6,4006,36.000001430511475,43.915901945072235,78 7 96 24
grid,0,4,random,7,4007,27.20000147819519,37.7080328144655,46 45 90 98
grid,0,4,random,8,4008,36.000001430511475,43.806349911446006,105 21 36 7
grid,0,4,random,9,4009,23.999999463558197,33.67210703654882,87 68 37 118
grid,0,4,random,10,4010,28.79999876022339,37.585915985000476,63 118 106 51
grid,0,4,random,11,4011,34.40000116825104,42.895113741713224,44 85 82 63
grid,0,4,random,12,4012,36.000001430511475,43.72800239622238,109 54 55 95
grid,0,4,random,13,4013,34.40000116825104,42.98556566295553,13 44 96 98
grid,0,4,random,14,4014,32.8000009059906,42.242433206724186,81 76 15 44
grid,0,4,random,15,4015,27.20000147819519,37.793839796046406,2 103 106 38
grid,0,4,random,16,4016,36.000001430511475,43.8470369296394,33 48 58 65
grid,0,4,random,17,4017,36.000001430511475,43.62686153130667,79 32 63 58
grid,0,4,random,18,4018,36.000001430511475,43.642919166012476,42 68 17 24
grid,0,4,random,19,4019,36.000001430511475,43.50382406740452,30 13 15 66
grid,0,4,random,20,4020,36.000001430511475,43.63811828819957,81 111 43 122
grid,0,4,random,21,4021,36.000001430511475,43.8170766627232,63 49 14 11
grid,0,4,random,22,4022,36.000001430511475,43.696697606147886,58 16 10 26
grid,0,4,random,23,4023,29.600000381469727,39.54388692003909,109 7 75 41
grid,0,4,random,24,4024,32.8000009059906,41.519141849324456,86 34 28 42
grid,0,4,random,25,4025,36.000001430511475,43.80424567723925,110 24 105 51
grid,0,4,random,26,4026,36.000001430511475,43.69983943007023,105 20 72 30
grid,0,4,random,27,4027,33.5999995470047,41.97187956207086,37 34 68 51
grid,0,4,random,28,4028,36.000001430511475,43.945338749485344,11 95 71 108
grid,0,4,random,29,4029,34.40000116825104,42.88635283217445,67 93 34 110
grid,0,4,noise,0,4500,36.000001430511475,43.86482305298916,59 75 29 41
grid,0,4,noise,1,4501,36.000001430511475,43.943776458809054,59 75 29 41
grid,0,4,noise,2,4502,36.000001430511475,43.85281380786938,59 75 29 41
grid,0,4,noise,3,4503,36.000001430511475,43.83270410583377,59 75 29 41
grid,0,4,noise,4,4504,36.000001430511475,43.945057839009365,59 75 29 41
grid,0,8,first,0,8000,28.00000011920929,37.05202982658442,0 1 2 3 4 5 6 7
grid,0,8,random,0,8000,35.19999980926514,43.0906858596871,4 29 38 26 115 122 58 14
grid,0,8,random,1,8001,35.19999980926514,43.72650035604793,104 23 12 99 82 113 1 51
grid,0,8,random,2,8002,31.999999284744263,41.62744010316155,61 38 19 21 100 96 114 5
grid,0,8,random,3,8003,36.000001430511475,43.71048994856982,9 69 55 7 101 115 11 124
grid,0,8,random,4,8004,36.000001430511475,43.85264311990321,2 86 70 114 14 48 28 78
grid,0,8,random,5,8005,35.19999980926514,43.431302335269464,80 73 112 79 52 107 98 48
grid,0,8,random,6,8006,36.000001430511475,43.83089963369977,53 14 40 81 3 112 114 117
grid,0,8,random,7,8007,35.19999980926514,43.4701794828176,92 1 48 5 52 121 84 112
grid,0,8,random,8,8008,31.200000643730164,40.04007809226936,20 94 32 119 65 21 76 110
grid,0,8,random,9,8009,36.000001430511475,43.79822440723366,8 71 53 40 111 0 42 60
grid,0,8,random,10,8010,36.000001430511475,43.84323024618063,85 115 72 114 67 103 65 59
grid,0,8,random,11,8011,36.000001430511475,43.80035702763166,67 60 30 121 103 108 81 43
grid,0,8,random,12,8012,36.000001430511475,43.7472775375384,89 79 31 50 67 109 24 14
grid,0,8,random,13,8013,33.5999995470047,42.438125219847926,91 92 74 23 62 123 109 76
grid,0,8,random,14,8014,36.000001430511475,43.63170336554166,116 3 14 69 30 77 71 113
grid,0,8,random,15,8015,36.000001430511475,43.859923447907214,30 33 77 93 86 74 57 107
grid,0,8,random,16,8016,35.19999980926514,43.270413278790556,9 37 108 13 111 26 121 107
grid,0,8,random,17,8017,36.000001430511475,43.718757508236465,119 80 105 2 41 74 103 16
grid,0,8,random,18,8018,36.000001430511475,43.814716953584245,99 89 63 69 42 98 117 36
grid,0,8,random,19,8019,30.399999022483826,40.303041491763736,86 77 10 14 106 105 70 89
grid,0,8,random,20,8020,36.000001430511475,43.68405486523056,32 79 123 75 121 74 91 33
grid,0,8,random,21,8021,28.00000011920929,37.78213055864105,42 68 46 58 69 14 3 98
grid,0,8,random,22,8022,35.19999980926514,43.14689793672671,86 67 2 3 44 38 118 102
grid,0,8,random,23,8023,35.19999980926514,43.62868739973062,5 77 110 2 37 26 57 117
grid,0,8,random,24,8024,28.79999876022339,38.08163455847667,44 38 59 31 36 76 121 32
grid,0,8,random,25,8025,36.000001430511475,43.84379923709608,50 38 113 88 105 119 64 66
grid,0,8,random,26,8026,36.000001430511475,43.49025512504709,68 38 27 109 25 1 87 4
grid,0,8,random,27,8027,36.000001430511475,43.81421020350961,98 123 44 33 30 14 122 42
grid,0,8,random,28,8028,36.000001430511475,43.651826712534735,80 81 55 24 48 120 88 105
grid,0,8,random,29,8029,35.19999980926514,43.48016962049697,90 86 13 59 18 85 50 82
grid,0,8,noise,0,8500,36.000001430511475,44.25480667424131,4 29 38 26 115 122 58 14
grid,0,8,noise,1,8501,30.399999022483826,40.21494019818359,4 29 38 26 115 122 58 14
grid,0,8,noise,2,8502,36.000001430511475,43.78466388429372,4 29 38 26 115 122 58 14
grid,0,8,noise,3,8503,36.000001430511475,43.73394891969062,4 29 38 26 115 122 58 14
grid,0,8,noise,4,8504,33.5999995470047,42.55334860373136,4 29 38 26 115 122 58 14
grid,0,16,first,0,16000,36.000001430511475,43.89125046296396,0 1 2 3 4 5 6 7 8 9 10 11 12 13 14 15
grid,0,16,random,0,16000,36.000001430511475,43.760176081894265,4 59 78 123 12 61 31 73 100 69 113 2 44 85 42 53
grid,0,16,random,1,16001,36.000001430511475,43.56433330492361,115 81 48 75 9 16 23 85 52 36 74 97 123 32 8 101
grid,0,16,random,2,16002,36.000001430511475,43.60894360423971,94 93 81 105 84 67 39 28 52 109 35 15 45 51 107 75
grid,0,16,random,3,16003,36.000001430511475,43.717935437504266,83 36 108 33 101 14 110 74 113 98 79 89 10 29 62 7
grid,0,16,random,4,16004,36.000001430511475,43.74707630401597,52 18 49 32 19 82 0 75 102 4 13 83 92 121 69 46
grid,0,16,random,5,16005,26.399999856948853,36.63383200883015,115 107 12 53 10 57 59 23 62 77 56 36 89 28 38 118
grid,0,16,random,6,16006,35.19999980926514,43.74337836551197,84 0 23 22 103 113 36 104 10 55 118 6 80 34 64 1
grid,0,16,random,7,16007,35.19999980926514,43.2420571758176,39 81 22 117 12 74 9 44 73 91 118 107 80 97 122 28
grid,0,16,random,8,16008,35.19999980926514,43.27658168944793,60 27 18 117 30 109 111 35 59 104 71 118 40 116 8 50
grid,0,16,random,9,16009,36.000001430511475,43.70129475949208,30 13 77 64 62 76 4 114 120 97 51 94 48 107 84 70
grid,0,16,random,10,16010,36.000001430511475,43.62627413532658,3 98 122 1 78 23 8 88 11 12 7 71 82 65 14 107
grid,0,16,random,11,16011,30.399999022483826,39.60765923087753,85 92 25 64 69 5 120 86 117 52 66 58 54 7 77 83
grid,0,16,random,12,16012,36.000001430511475,43.66891548062862,66 7 30 82 37 25 1 53 44 73 95 4 24 3 46 108
grid,0,16,random,13,16013,36.000001430511475,43.62067206990041,124 56 47 67 4 119 0 26 80 38 45 1 77 20 110 30
grid,0,16,random,14,16014,36.000001430511475,43.7061920934811,78 84 75 8 103 59 91 49 120 77 56 102 70 122 57 73
grid,0,16,random,15,16015,36.000001430511475,43.47588507249514,77 66 112 88 85 28 109 27 41 83 19 14 59 98 124 91
grid,0,16,random,16,16016,36.000001430511475,43.65564857158735,6 119 57 82 14 21 40 114 105 24 38 36 23 87 20 51
grid,0,16,random,17,16017,36.000001430511475,43.83993133437,18 55 77 41 1 83 97 29 59 61 10 15 87 35 7 100
grid,0,16,random,18,16018,36.000001430511475,43.865335391396115,50 123 54 38 96 34 101 118 103 0 59 5 56 67 84 85
grid,0,16,random,19,16019,36.000001430511475,43.613106631484136,58 77 3 63 43 116 110 59 89 82 112 14 10 99 27 5
grid,0,16,random,20,16020,36.000001430511475,43.44164843516063,91 68 77 49 24 38 88 57 78 60 103 69 13 2 117 25
grid,0,16,random,21,16021,36.000001430511475,43.84846951846782,8 35 101 40 14 85 18 20 28 33 99 107 73 6 5 60
grid,0,16,random,22,16022,36.000001430511475,43.68470421316887,86 33 81 76 39 65 104 28 72 105 67 90 29 58 63 93
grid,0,16,random,23,16023,36.000001430511475,43.737194022754316,51 31 1 44 27 48 65 79 105 49 74 107 72 95 60 38
grid,0,16,random,24,16024,36.000001430511475,43.99736538827786,66 109 91 42 105 35 64 26 88 73 60 25 43 121 13 69
grid,0,16,random,25,16025,36.000001430511475,43.56817650158193,97 12 105 45 51 122 6 30 39 73 1 75 54 81 118 9
grid,0,16,random,26,16026,33.5999995470047,42.58954156873941,61 46 109 10 82 51 22 6 56 86 77 93 40 116 114 15
grid,0,16,random,27,16027,27.20000147819519,37.55685266355282,33 100 110 96 22 53 49 106 58 114 73 121 101 109 19 105
grid,0,16,random,28,16028,36.000001430511475,43.71406480151745,106 68 108 35 3 86 116 58 9 65 25 53 81 109 40 113
grid,0,16,random,29,16029,35.19999980926514,43.41696531813272,79 58 108 72 124 17 42 3 35 83 5 80 50 98 88 89
grid,0,16,noise,0,16500,36.000001430511475,43.65062748863259,4 59 78 123 12 61 31 73 100 69 113 2 44 85 42 53
grid,0,16,noise,1,16501,36.000001430511475,43.67464135264159,4 59 78 123 12 61 31 73 100 69 113 2 44 85 42 53
grid,0,16,noise,2,16502,36.000001430511475,43.53955262486421,4 59 78 123 12 61 31 73 100 69 113 2 44 85 42 53
grid,0,16,noise,3,16503,36.000001430511475,43.61253337555076,4 59 78 123 12 61 31 73 100 69 113 2 44 85 42 53
grid,0,16,noise,4,16504,36.000001430511475,43.653846793330246,4 59 78 123 12 61 31 73 100 69 113 2 44 85 42 53
grid,0,32,first,0,32000,36.000001430511475,43.62875973123816,0 1 2 3 4 5 6 7 8 9 10 11 12 13 14 15 16 17 18 19 20 21 22 23 24 25 26 27 28 29 30 31
grid,0,32,random,0,32000,36.000001430511475,43.6931357185191,3 107 40 32 39 108 79 91 31 27 5 57 68 101 10 118 80 98 95 59 87 60 104 94 24 65 97 50 90 43 49 76
grid,0,32,random,1,32001,36.000001430511475,43.633324627729756,85 87 54 6 19 82 38 52 51 3 56 123 33 59 9 32 108 62 35 10 48 75 67 88 57 97 113 107 47 39 66 72
grid,0,32,random,2,32002,36.000001430511475,43.63678052258164,47 31 72 54 93 117 110 41 120 111 48 27 73 69 23 0 19 2 18 97 101 34 119 51 109 42 58 70 13 108 28 63
grid,0,32,random,3,32003,36.000001430511475,43.62167704820095,116 11 98 86 105 104 94 22 41 6 52 90 117 92 5 32 81 29 123 3 79 69 82 108 119 121 91 118 33 59 93 110
grid,0,32,random,4,32004,36.000001430511475,43.64383397082181,33 12 74 21 119 72 79 23 101 76 116 59 34 80 16 50 31 67 39 108 114 19 88 85 110 14 13 65 6 90 66 94
grid,0,32,random,5,32005,36.000001430511475,43.78096570459211,95 119 52 60 19 12 49 116 44 118 114 124 77 73 5 4 107 97 56 92 83 67 30 33 37 17 18 50 111 112 62 42
grid,0,32,random,6,32006,36.000001430511475,43.65296853817459,73 44 23 102 86 22 80 12 17 101 52 59 115 84 31 70 79 100 0 37 113 38 109 90 8 47 74 50 81 66 105 43
grid,0,32,random,7,32007,36.000001430511475,43.71942027399368,115 66 106 21 98 78 79 102 117 8 96 111 17 77 123 52 31 42 88 118 15 20 32 14 89 103 100 112 120 82 93 46
grid,0,32,random,8,32008,36.000001430511475,43.81888437947778,107 86 97 13 122 65 105 23 56 36 115 49 95 57 89 30 17 63 28 100 76 32 77 85 31 47 73 84 58 121 108 12
grid,0,32,random,9,32009,36.000001430511475,43.54994673096797,120 113 55 95 97 5 102 9 94 4 51 64 96 67 36 80 68 108 93 114 87 71 121 42 30 101 92 109 1 22 40 111
grid,0,32,random,10,32010,36.000001430511475,43.63785426811497,99 116 80 17 46 88 123 111 82 93 118 62 65 16 114 51 18 106 42 73 34 87 40 110 70 21 101 7 102 35 52 43
grid,0,32,random,11,32011,36.000001430511475,43.60369716191039,34 69 0 53 15 48 120 114 42 117 59 58 63 94 92 40 85 29 121 35 111 118 65 83 82 115 68 44 106 9 102 119
grid,0,32,random,12,32012,36.000001430511475,43.62629192087207,58 61 114 4 96 67 97 56 94 26 87 13 99 89 37 14 41 24 107 64 0 66 78 48 7 106 95 42 110 23 108 12
grid,0,32,random,13,32013,36.000001430511475,43.60028365080802,120 22 9 113 31 36 25 71 26 54 111 74 91 104 19 66 95 106 57 29 124 119 73 38 58 30 88 56 33 61 114 82
grid,0,32,random,14,32014,36.000001430511475,43.74347491186004,10 92 94 27 58 97 46 28 45 122 93 117 12 106 55 41 84 99 8 29 34 100 103 96 13 36 52 89 104 120 118 26
grid,0,32,random,15,32015,36.000001430511475,43.77549455110216,122 68 114 8 92 124 12 121 80 24 5 25 93 6 32 78 56 9 89 2 85 106 63 3 102 120 53 34 52 58 72 10
grid,0,32,random,16,32016,36.000001430511475,43.65637938042774,47 19 79 116 90 98 14 26 10 52 25 105 97 71 82 104 107 109 91 18 64 53 96 119 110 80 76 6 38 83 81 1
grid,0,32,random,17,32017,36.000001430511475,43.77378473666503,57 115 59 34 51 70 6 37 46 16 101 74 8 58 95 60 28 48 97 33 55 105 65 118 20 66 120 64 73 84 116 81
grid,0,32,random,18,32018,32.8000009059906,42.08285826798998,90 121 58 11 10 41 51 38 7 115 23 53 76 31 62 86 92 93 59 20 117 26 14 34 89 83 63 27 5 68 67 33
grid,0,32,random,19,32019,36.000001430511475,43.70619377272437,65 45 36 77 10 61 117 58 124 43 80 29 66 82 47 0 84 110 26 81 35 6 16 73 14 38 62 111 64 99 13 68
grid,0,32,random,20,32020,36.000001430511475,43.654899202138246,40 39 9 122 118 110 78 101 93 116 35 107 51 6 20 8 119 26 21 114 81 72 84 75 30 65 73 42 25 64 48 41
grid,0,32,random,21,32021,36.000001430511475,43.61304359578689,111 65 46 114 6 24 34 38 107 56 104 75 99 32 91 117 25 18 5 12 37 11 45 14 116 8 48 123 58 92 82 55
grid,0,32,random,22,32022,36.000001430511475,43.68893680503083,46 25 47 8 66 20 97 26 123 17 104 73 16 22 31 63 78 84 12 99 7 62 68 115 108 87 34 43 83 24 3 18
grid,0,32,random,23,32023,36.000001430511475,43.574579744363966,88 115 97 23 112 26 81 43 30 32 13 46 114 119 98 77 108 45 68 51 72 63 41 18 2 28 92 8 109 10 62 113
grid,0,32,random,24,32024,36.000001430511475,43.708415279727134,35 115 13 110 82 99 112 49 66 52 79 33 93 15 100 51 68 63 86 72 30 83 74 114 28 90 31 36 38 87 101 123
grid,0,32,random,25,32025,36.000001430511475,43.760682482897664,100 113 88 15 3 111 90 0 93 46 22 107 35 14 53 64 122 70 84 120 106 116 20 50 92 108 21 78 40 37 12 112
grid,0,32,random,26,32026,36.000001430511475,43.76630123292294,22 53 14 94 69 84 19 79 17 106 33 15 58 29 91 38 7 34 10 121 82 36 101 78 31 46 105 109 118 39 115 59
grid,0,32,random,27,32027,27.20000147819519,37.01653333851437,5 77 6 113 70 44 2 60 119 114 86 90 8 17 99 22 28 100 57 87 63 3 62 58 18 117 115 103 69 34 41 27
grid,0,32,random,28,32028,36.000001430511475,43.56569405142862,64 1 74 26 109 11 5 79 108 69 43 49 28 24 94 36 56 106 85 6 80 71 17 100 112 2 50 34 57 8 20 4
grid,0,32,random,29,32029,35.19999980926514,43.344028349331815,28 94 112 90 49 107 65 8 11 42 111 62 86 33 119 69 5 63 45 77 12 50 81 19 56 24 40 85 99 41 115 43
grid,0,32,noise,0,32500,36.000001430511475,43.7165265870948,3 107 40 32 39 108 79 91 31 27 5 57 68 101 10 118 80 98 95 59 87 60 104 94 24 65 97 50 90 43 49 76
grid,0,32,noise,1,32501,36.000001430511475,44.02994193294232,3 107 40 32 39 108 79 91 31 27 5 57 68 101 10 118 80 98 95 59 87 60 104 94 24 65 97 50 90 43 49 76
grid,0,32,noise,2,32502,34.40000116825104,42.98830087237732,3 107 40 32 39 108 79 91 31 27 5 57 68 101 10 118 80 98 95 59 87 60 104 94 24 65 97 50 90 43 49 76
grid,0,32,noise,3,32503,36.000001430511475,43.67186810431695,3 107 40 32 39 108 79 91 31 27 5 57 68 101 10 118 80 98 95 59 87 60 104 94 24 65 97 50 90 43 49 76
grid,0,32,noise,4,32504,36.000001430511475,43.630161612668175,3 107 40 32 39 108 79 91 31 27 5 57 68 101 10 118 80 98 95 59 87 60 104 94 24 65 97 50 90 43 49 76
ilids,0,0,zero,0,0,53.33333611488342,64.1739363124167,
ilids,0,2,first,0,2000,58.33333134651184,69.4236615100586,2 1
ilids,0,2,random,0,2000,61.666667461395264,71.449501762801,5 33
ilids,0,2,random,1,2001,58.33333134651184,69.41121378621379,29 4
ilids,0,2,random,2,2002,64.99999761581421,72.74735347355316,54 22
ilids,0,2,random,3,2003,61.666667461395264,71.72138102732733,8 30
ilids,0,2,random,4,2004,58.33333134651184,69.4153324274292,24 39
ilids,0,2,random,5,2005,63.333332538604736,72.4859360410831,5 31
ilids,0,2,random,6,2006,61.666667461395264,71.10873868778282,28 9
ilids,0,2,random,7,2007,58.33333134651184,69.32427294927295,7 0
ilids,0,2,random,8,2008,58.33333134651184,68.8394764957265,29 21
ilids,0,2,random,9,2009,60.00000238418579,70.16505022755022,24 22
ilids,0,2,random,10,2010,63.333332538604736,72.40372492755048,54 23
ilids,0,2,random,11,2011,63.333332538604736,72.35012034356664,21 19
ilids,0,2,random,12,2012,60.00000238418579,70.21185942325648,21 33
ilids,0,2,random,13,2013,61.666667461395264,71.66874779454704,31 19
ilids,0,2,random,14,2014,61.666667461395264,71.63930350695058,24 39
ilids,0,2,random,15,2015,58.33333134651184,69.06066626026305,22 35
ilids,0,2,random,16,2016,60.00000238418579,70.2769783321254,0 25
ilids,0,2,random,17,2017,58.33333134651184,68.69688297813299,35 36
ilids,0,2,random,18,2018,64.99999761581421,73.2442463700456,22 42
ilids,0,2,random,19,2019,63.333332538604736,72.13801428691134,22 41
ilids,0,2,random,20,2020,63.333332538604736,72.41173003017633,15 31
ilids,0,2,random,21,2021,55.000001192092896,66.48514239028945,4 8
ilids,0,2,random,22,2022,63.333332538604736,72.53027827292532,23 46
ilids,0,2,random,23,2023,64.99999761581421,72.92139392971438,39 57
ilids,0,2,random,24,2024,58.33333134651184,69.41441544566547,16 15
ilids,0,2,random,25,2025,63.333332538604736,72.54980192560116,23 57
ilids,0,2,random,26,2026,63.333332538604736,71.68013326542739,38 22
ilids,0,2,random,27,2027,61.666667461395264,71.57775477340695,55 33
ilids,0,2,random,28,2028,64.99999761581421,72.91241085806305,50 36
ilids,0,2,random,29,2029,58.33333134651184,69.55191482494116,1 34
ilids,0,2,noise,0,2500,61.666667461395264,71.5933078359549,5 33
ilids,0,2,noise,1,2501,61.666667461395264,71.59875445904859,5 33
ilids,0,2,noise,2,2502,61.666667461395264,71.688545931193,5 33
ilids,0,2,noise,3,2503,61.666667461395264,71.61396609926022,5 33
ilids,0,2,noise,4,2504,61.666667461395264,71.55047403576816,5 33
ilids,0,4,first,0,4000,63.333332538604736,72.40734879050098,2 1 49 40
ilids,0,4,random,0,4000,61.666667461395264,71.61365486365487,50 28 19 52
ilids,0,4,random,1,4001,63.333332538604736,72.54275573105495,37 11 49 30
ilids,0,4,random,2,4002,63.333332538604736,72.32676270991489,57 46 29 20
ilids,0,4,random,3,4003,60.00000238418579,70.30172605172605,50 39 1 14
ilids,0,4,random,4,4004,63.333332538604736,72.43655106970324,28 25 31 19
ilids,0,4,random,5,4005,61.666667461395264,71.62718287798211,46 23 28 36
ilids,0,4,random,6,4006,64.99999761581421,73.07657456922165,44 41 2 54
ilids,0,4,random,7,4007,64.99999761581421,72.6127798858062,38 13 37 22
ilids,0,4,random,8,4008,64.99999761581421,73.04704160218866,30 49 53 56
ilids,0,4,random,9,4009,61.666667461395264,71.49733621498328,54 3 17 21
ilids,0,4,random,10,4010,63.333332538604736,72.51507970337894,52 56 1 34
ilids,0,4,random,11,4011,61.666667461395264,71.45061256825964,28 57 21 32
ilids,0,4,random,12,4012,63.333332538604736,72.17347917427843,55 43 27 33
ilids,0,4,random,13,4013,64.99999761581421,72.95275477340695,55 26 30 20
ilids,0,4,random,14,4014,60.00000238418579,70.28313237688236,28 33 7 15
ilids,0,4,random,15,4015,64.99999761581421,72.94423084225716,10 11 32 46
ilids,0,4,random,16,4016,58.33333134651184,69.63762309814942,50 24 40 57
ilids,0,4,random,17,4017,63.333332538604736,72.16372053872054,46 37 15 16
ilids,0,4,random,18,4018,64.99999761581421,72.93314307381645,29 14 47 32
ilids,0,4,random,19,4019,61.666667461395264,71.6220055271526,11 21 56 48
ilids,0,4,random,20,4020,61.666667461395264,71.34837480527136,43 25 34 19
ilids,0,4,random,21,4021,60.00000238418579,70.16266209280916,3 11 24 39
ilids,0,4,random,22,4022,61.666667461395264,71.58308984513346,21 1 24 14
ilids,0,4,random,23,4023,63.333332538604736,72.53459028538953,29 50 46 20
ilids,0,4,random,24,4024,64.99999761581421,73.28359822189746,3 51 39 50
ilids,0,4,random,25,4025,64.99999761581421,73.17579398909324,26 40 30 5
ilids,0,4,random,26,4026,63.333332538604736,72.38677282507207,21 45 1 55
ilids,0,4,random,27,4027,64.99999761581421,72.91282856900706,43 37 35 45
ilids,0,4,random,28,4028,64.99999761581421,73.00706153008785,58 44 51 39
ilids,0,4,random,29,4029,64.99999761581421,72.9623447204969,18 42 29 31
ilids,0,4,noise,0,4500,63.333332538604736,72.46646859226783,50 28 19 52
ilids,0,4,noise,1,4501,61.666667461395264,71.57994838589468,50 28 19 52
ilids,0,4,noise,2,4502,61.666667461395264,71.610546736346,50 28 19 52
ilids,0,4,noise,3,4503,63.333332538604736,72.42347917427841,50 28 19 52
ilids,0,4,noise,4,4504,61.666667461395264,71.57956383036307,50 28 19 52
ilids,0,8,first,0,8000,64.99999761581421,73.01772520602445,2 1 49 40 20 26 28 0
ilids,0,8,random,0,8000,64.99999761581421,72.87868069933289,50 19 35 25 23 53 1 51
ilids,0,8,random,1,8001,64.99999761581421,73.01621903924537,31 42 22 10 44 46 13 6
ilids,0,8,random,2,8002,63.333332538604736,72.22339996604704,46 10 1 43 39 7 4 24
ilids,0,8,random,3,8003,63.333332538604736,72.45942239772165,32 16 26 34 8 42 2 56
ilids,0,8,random,4,8004,64.99999761581421,72.87203914506547,45 3 20 25 57 44 48 50
ilids,0,8,random,5,8005,63.333332538604736,72.38595583160802,56 48 54 29 32 19 4 6
ilids,0,8,random,6,8006,61.666667461395264,71.59548091267159,44 15 28 25 19 51 12 17
ilids,0,8,random,7,8007,61.666667461395264,71.59709028538953,29 42 47 55 52 9 21 13
ilids,0,8,random,8,8008,64.99999761581421,72.93801636816343,27 46 23 1 5 45 3 10
ilids,0,8,random,9,8009,64.99999761581421,72.98685641700348,26 43 13 31 12 27 38 55
ilids,0,8,random,10,8010,64.99999761581421,72.92108269410902,9 47 33 57 2 45 42 40
ilids,0,8,random,11,8011,61.666667461395264,71.62454810984225,23 9 36 5 12 24 33 6
ilids,0,8,random,12,8012,64.99999761581421,72.88089376404595,17 48 18 45 23 55 16 42
ilids,0,8,random,13,8013,63.333332538604736,72.45026488856413,34 9 3 17 24 57 53 6
ilids,0,8,random,14,8014,61.666667461395264,71.67443735458441,18 0 39 49 40 52 26 22
ilids,0,8,random,15,8015,64.99999761581421,73.23861160625866,41 5 58 39 29 56 28 44
ilids,0,8,random,16,8016,64.99999761581421,72.90414366229585,1 20 6 26 47 44 19 2
ilids,0,8,random,17,8017,64.99999761581421,72.95257970337894,30 12 9 3 45 10 19 7
ilids,0,8,random,18,8018,64.99999761581421,73.05913450478668,45 32 29 43 40 17 10 13
ilids,0,8,random,19,8019,64.99999761581421,73.13595583160803,40 46 0 47 37 48 21 22
ilids,0,8,random,20,8020,63.333332538604736,72.39504002083928,56 52 19 45 21 44 29 26
ilids,0,8,random,21,8021,61.666667461395264,71.59014584094508,26 29 34 3 36 48 30 23
ilids,0,8,random,22,8022,61.666667461395264,71.16519265048677,20 45 55 35 40 23 12 30
ilids,0,8,random,23,8023,63.333332538604736,72.41455060284984,29 49 28 24 55 45 23 30
ilids,0,8,random,24,8024,64.99999761581421,72.93024020326652,9 46 58 13 11 49 18 20
ilids,0,8,random,25,8025,63.333332538604736,72.15396859226783,51 45 33 42 19 9 27 21
ilids,0,8,random,26,8026,64.99999761581421,72.95455075969782,49 19 47 20 44 54 23 36
ilids,0,8,random,27,8027,63.333332538604736,72.13989156268569,25 23 45 42 55 48 6 51
ilids,0,8,random,28,8028,61.666667461395264,71.66893359908067,26 28 33 7 35 34 22 3
ilids,0,8,random,29,8029,64.99999761581421,73.07664788914789,42 24 41 20 10 33 21 54
ilids,0,8,noise,0,8500,63.333332538604736,72.27797652877577,50 19 35 25 23 53 1 51
ilids,0,8,noise,1,8501,64.99999761581421,72.9826592253063,50 19 35 25 23 53 1 51
ilids,0,8,noise,2,8502,64.99999761581421,73.05201499031423,50 19 35 25 23 53 1 51
ilids,0,8,noise,3,8503,63.333332538604736,72.18637599967525,50 19 35 25 23 53 1 51
ilids,0,8,noise,4,8504,63.333332538604736,72.39470933300858,50 19 35 25 23 53 1 51
ilids,0,16,first,0,16000,64.99999761581421,73.29275573105495,2 1 49 40 20 26 28 0 6 32 29 18 48 41 22 21
ilids,0,16,random,0,16000,64.99999761581421,72.9887866762867,15 48 14 41 25 20 50 53 32 16 22 23 57 58 24 56
ilids,0,16,random,1,16001,64.99999761581421,72.97242097322021,29 10 37 40 15 42 23 26 44 30 3 13 27 56 58 55
ilids,0,16,random,2,16002,61.666667461395264,71.60249867704229,35 54 4 9 53 33 32 24 46 40 45 38 1 27 7 31
ilids,0,16,random,3,16003,64.99999761581421,73.28359822189746,38 30 50 29 0 25 35 42 20 46 12 31 48 32 41 51
ilids,0,16,random,4,16004,64.99999761581421,72.96210105577956,9 57 29 44 17 18 13 36 10 16 48 7 58 32 30 45
ilids,0,16,random,5,16005,64.99999761581421,73.1465786392257,46 12 40 31 50 29 34 53 44 51 1 26 27 5 32 30
ilids,0,16,random,6,16006,64.99999761581421,73.00704144534069,15 25 33 9 49 20 31 24 40 4 23 27 32 2 34 45
ilids,0,16,random,7,16007,64.99999761581421,73.02947435012653,21 48 25 24 5 3 35 2 37 13 42 1 58 39 40 31
ilids,0,16,random,8,16008,64.99999761581421,72.88206153008787,45 54 13 26 8 21 51 24 4 33 11 58 16 56 36 55
ilids,0,16,random,9,16009,64.99999761581421,73.36832762647983,54 56 47 25 1 48 51 28 15 14 37 40 6 41 33 44
ilids,0,16,random,10,16010,61.666667461395264,71.6618033501026,41 48 19 13 35 24 1 55 9 38 39 56 36 3 23 49
ilids,0,16,random,11,16011,64.99999761581421,72.87203914506547,24 49 50 9 51 55 20 26 57 53 35 17 14 33 48 19
ilids,0,16,random,12,16012,58.33333134651184,68.95247807747809,20 4 38 6 32 53 21 49 16 33 3 0 25 26 40 9
ilids,0,16,random,13,16013,64.99999761581421,73.23274561589781,20 7 12 16 17 30 2 0 31 11 28 36 47 40 25 3
ilids,0,16,random,14,16014,64.99999761581421,72.94423084225717,53 48 41 34 26 46 20 43 58 54 13 57 6 33 51 36
ilids,0,16,random,15,16015,61.666667461395264,71.08543145307851,24 45 13 17 28 9 25 7 32 34 38 51 40 49 31 42
ilids,0,16,random,16,16016,61.666667461395264,71.357118174362,29 16 24 5 4 54 12 37 1 34 17 55 33 3 23 11
ilids,0,16,random,17,16017,61.666667461395264,71.66893359908067,39 23 33 28 37 53 40 58 54 25 43 41 15 20 1 5
ilids,0,16,random,18,16018,61.666667461395264,71.6146274749216,13 4 54 35 22 33 1 42 47 16 41 49 30 14 56 34
ilids,0,16,random,19,16019,64.99999761581421,73.1480031406502,7 41 39 31 1 24 54 40 25 9 34 8 18 16 51 57
ilids,0,16,random,20,16020,64.99999761581421,72.9979441854442,44 42 47 43 53 15 39 31 32 41 13 28 18 11 14 45
ilids,0,16,random,21,16021,61.666667461395264,71.56357926312288,45 32 56 6 33 21 49 19 26 22 41 28 39 51 48 1
ilids,0,16,random,22,16022,63.333332538604736,72.3589950472943,6 23 42 49 1 9 10 3 39 16 40 8 53 19 7 20
ilids,0,16,random,23,16023,63.333332538604736,72.44232838062763,12 57 27 24 28 19 10 1 30 34 48 58 49 23 22 35
ilids,0,16,random,24,16024,64.99999761581421,73.29275573105498,54 24 25 57 43 53 26 48 12 50 19 15 34 0 3 23
ilids,0,16,random,25,16025,61.666667461395264,71.70286725801431,11 32 54 18 1 28 9 29 50 10 52 16 0 35 33 45
ilids,0,16,random,26,16026,61.666667461395264,71.41190510020434,58 9 29 31 28 42 24 32 7 10 4 47 30 1 16 50
ilids,0,16,random,27,16027,64.99999761581421,73.2727996404467,17 46 7 57 42 15 36 31 35 6 33 48 4 55 18 9
ilids,0,16,random,28,16028,64.99999761581421,73.08451107715814,34 24 31 14 49 38 23 42 54 10 45 18 55 1 15 16
ilids,0,16,random,29,16029,64.99999761581421,73.19232838062763,43 8 38 16 52 37 20 2 12 45 17 18 49 30 0 27
ilids,0,16,noise,0,16500,64.99999761581421,72.95745835548468,15 48 14 41 25 20 50 53 32 16 22 23 57 58 24 56
ilids,0,16,noise,1,16501,64.99999761581421,72.98474344606902,15 48 14 41 25 20 50 53 32 16 22 23 57 58 24 56
ilids,0,16,noise,2,16502,64.99999761581421,72.9047039203773,15 48 14 41 25 20 50 53 32 16 22 23 57 58 24 56
ilids,0,16,noise,3,16503,64.99999761581421,72.96299302549303,15 48 14 41 25 20 50 53 32 16 22 23 57 58 24 56
ilids,0,16,noise,4,16504,64.99999761581421,72.96076523379156,15 48 14 41 25 20 50 53 32 16 22 23 57 58 24 56
ilids,0,32,first,0,32000,61.666667461395264,71.67295349893391,2 1 49 40 20 26 28 0 6 32 29 18 48 41 22 21 3 52 33 37 47 36 10 34 43 4 44 24 30 42 9 23
ilids,0,32,random,0,32000,63.333332538604736,72.42370811200735,57 36 23 25 29 50 34 2 20 21 22 24 15 45 56 32 44 39 31 55 37 4 5 12 58 26 7 30 35 27 53 14
ilids,0,32,random,1,32001,64.99999761581421,73.08220933300856,46 8 24 54 11 45 34 44 33 58 53 21 19 15 55 27 25 26 4 35 20 40 22 41 51 0 7 29 17 6 18 39
ilids,0,32,random,2,32002,64.99999761581421,73.23257054586976,10 40 32 19 23 41 57 16 31 0 28 8 13 25 51 24 20 26 18 15 33 37 55 53 34 47 45 52 56 39 49 36
ilids,0,32,random,3,32003,64.99999761581421,72.96904550022401,11 52 10 26 41 50 24 15 29 5 40 43 53 25 2 58 4 13 17 33 27 9 35 42 0 51 56 47 31 19 38 48
ilids,0,32,random,4,32004,64.99999761581421,73.15992097322021,15 58 41 8 30 32 46 34 23 42 28 45 13 3 36 9 14 21 38 52 11 50 33 29 17 40 0 53 43 37 4 48
ilids,0,32,random,5,32005,64.99999761581421,73.2315246146768,25 13 37 38 9 12 53 40 2 55 58 4 26 34 39 47 42 16 19 35 7 52 45 18 33 41 14 27 1 30 56 23
ilids,0,32,random,6,32006,61.666667461395264,71.70942239772164,30 28 29 33 18 37 12 19 49 25 53 52 16 39 57 6 7 14 11 23 21 10 31 3 17 1 32 9 41 15 44 51
ilids,0,32,random,7,32007,63.333332538604736,72.40297652877578,26 10 46 2 52 12 44 6 15 41 58 36 33 21 25 55 19 8 7 22 56 51 42 23 50 30 49 0 31 39 43 37
ilids,0,32,random,8,32008,63.333332538604736,72.30673329938037,57 34 7 33 15 43 41 24 9 49 37 48 10 36 1 52 55 58 23 44 2 11 50 47 35 54 12 38 45 30 5 14
ilids,0,32,random,9,32009,64.99999761581421,73.52566171396094,43 24 2 36 7 42 12 23 40 3 9 58 52 8 22 34 55 1 53 54 17 31 37 20 30 15 6 27 18 33 19 49
ilids,0,32,random,10,32010,63.333332538604736,72.45639233954452,28 15 57 22 33 24 7 14 55 16 36 3 19 48 4 40 50 49 32 27 23 6 11 25 53 44 52 38 43 47 13 54
ilids,0,32,random,11,32011,61.666667461395264,71.65536466351683,50 57 55 33 38 18 51 49 15 37 19 40 29 24 21 36 26 32 52 41 12 23 58 53 28 48 20 22 11 43 5 1
ilids,0,32,random,12,32012,63.333332538604736,72.38082044411968,44 39 17 26 56 38 0 16 33 54 43 19 5 15 22 23 47 2 20 36 32 18 41 28 11 57 55 34 4 30 45 40
ilids,0,32,random,13,32013,61.666667461395264,71.50593783048144,53 32 1 50 7 39 9 44 19 31 43 30 54 34 11 42 33 46 35 36 15 23 28 51 58 26 38 22 49 3 29 48
ilids,0,32,random,14,32014,61.666667461395264,71.70942239772164,30 50 41 53 56 23 29 5 46 4 35 27 55 11 45 42 17 1 34 33 21 7 6 25 51 8 38 49 47 43 52 36
ilids,0,32,random,15,32015,64.99999761581421,73.07988144752852,40 42 7 37 12 49 3 58 4 22 51 26 46 41 23 15 11 47 28 6 16 52 5 25 38 13 30 29 34 45 43 36
ilids,0,32,random,16,32016,63.333332538604736,72.2201061584054,2 54 5 7 57 46 27 19 31 11 13 55 30 14 40 33 21 37 56 12 51 53 48 44 0 35 28 39 52 10 8 26
ilids,0,32,random,17,32017,64.99999761581421,73.17237229001935,28 56 23 30 51 8 42 49 31 10 3 50 25 6 34 22 35 24 37 39 55 43 44 47 14 7 32 2 26 29 45 20
ilids,0,32,random,18,32018,64.99999761581421,73.01772520602445,36 14 51 33 12 42 30 17 48 37 21 16 6 53 29 34 22 44 23 0 57 26 9 28 24 10 39 11 18 50 58 20
ilids,0,32,random,19,32019,63.333332538604736,72.41455060284984,29 19 38 53 54 23 10 41 36 12 2 30 48 45 8 52 57 32 16 3 4 25 1 21 26 15 50 18 37 22 55 14
ilids,0,32,random,20,32020,61.666667461395264,71.67332581180622,3 16 24 5 8 48 43 50 47 11 28 33 6 25 32 31 17 40 1 49 30 27 23 26 19 55 22 4 52 18 44 9
ilids,0,32,random,21,32021,63.333332538604736,72.2849209732202,24 30 35 6 27 34 8 58 32 37 56 53 28 33 14 16 25 10 46 7 43 21 1 22 52 51 15 38 19 55 18 39
ilids,0,32,random,22,32022,64.99999761581421,72.97026815776816,27 46 52 34 49 50 47 36 40 43 45 48 9 22 4 10 32 25 0 38 12 26 57 54 21 3 5 44 23 14 18 35
ilids,0,32,random,23,32023,63.333332538604736,72.44232838062763,30 0 37 48 41 44 31 53 52 40 29 16 6 56 12 10 39 33 19 20 54 50 17 18 9 15 57 2 35 26 27 11
ilids,0,32,random,24,32024,64.99999761581421,73.08781795546503,21 56 36 18 50 1 33 38 53 44 19 20 14 26 37 41 7 51 23 22 31 28 58 13 12 57 49 30 10 46 3 25
ilids,0,32,random,25,32025,64.99999761581421,73.05814244129462,5 25 15 32 41 48 47 14 53 28 40 21 54 50 2 36 22 0 56 49 37 1 45 23 58 10 39 13 57 55 42 27
ilids,0,32,random,26,32026,64.99999761581421,72.95257970337894,14 31 22 33 13 27 19 51 9 52 39 24 2 4 7 8 29 11 57 49 26 55 45 46 47 21 1 35 10 37 40 43
ilids,0,32,random,27,32027,64.99999761581421,73.15990790255498,11 57 52 55 50 33 28 54 10 53 21 9 16 26 41 46 1 18 5 20 19 6 42 38 58 51 43 12 8 34 29 44
ilids,0,32,random,28,32028,64.99999761581421,72.95826164576165,56 29 4 7 51 28 24 6 46 21 17 15 42 39 10 52 47 57 49 31 58 41 32 1 5 20 38 27 8 26 45 48
ilids,0,32,random,29,32029,61.666667461395264,71.75241181571106,23 15 31 29 42 4 17 25 52 54 1 28 26 55 16 13 12 45 50 5 18 44 14 9 41 19 22 27 49 6 39 51
ilids,0,32,noise,0,32500,58.33333134651184,69.41297774937482,57 36 23 25 29 50 34 2 20 21 22 24 15 45 56 32 44 39 31 55 37 4 5 12 58 26 7 30 35 27 53 14
ilids,0,32,noise,1,32501,61.666667461395264,71.68308611323317,57 36 23 25 29 50 34 2 20 21 22 24 15 45 56 32 44 39 31 55 37 4 5 12 58 26 7 30 35 27 53 14
ilids,0,32,noise,2,32502,61.666667461395264,71.53020658535367,57 36 23 25 29 50 34 2 20 21 22 24 15 45 56 32 44 39 31 55 37 4 5 12 58 26 7 30 35 27 53 14
ilids,0,32,noise,3,32503,63.333332538604736,72.43985794801013,57 36 23 25 29 50 34 2 20 21 22 24 15 45 56 32 44 39 31 55 37 4 5 12 58 26 7 30 35 27 53 14
ilids,0,32,noise,4,32504,64.99999761581421,73.0926357257879,57 36 23 25 29 50 34 2 20 21 22 24 15 45 56 32 44 39 31 55 37 4 5 12 58 26 7 30 35 27 53 14
