domain,k,splits,zero_mAP,rand_mean,rand_std,rand_min,oracle,rand_r1_mean,oracle_r1,first,noise_std,gap_oracle_minus_mean,gap_oracle_minus_min
viper,2,1,42.44551438802584,59.910063065573425,0.6281722713137128,57.59391842471151,61.021141362067645,51.2552743156751,52.53164768218994,59.63333161650228,0.14143740774664282,1.1110782964942203,3.4272229373561345
viper,4,1,42.44551438802584,59.66588892786179,0.7556105261548278,56.60938736638567,60.624771694240366,50.938817958037056,52.21518874168396,59.81194297875984,0.1635853918061174,0.9588827663785722,4.015384327854697
viper,8,1,42.44551438802584,59.82516256342132,1.5610662151774202,51.663178915565275,60.91979089999493,51.1814346909523,52.53164768218994,60.06539363405027,0.20035609023136117,1.0946283365736065,9.256611984429654
viper,16,1,42.44551438802584,60.242026478167126,0.21258284634965877,59.82189874499214,60.569679212682935,51.729958256085716,52.21518874168396,60.077979254316105,0.19319215356677122,0.3276527345158087,0.7477804676907951
viper,32,1,42.44551438802584,60.32535732282188,0.23985638965850986,59.671810012041135,60.755611876632564,51.81434611479441,52.53164768218994,60.02260177350944,0.0645886491836693,0.4302545538106841,1.083801864591429
grid,2,1,24.772612736381145,40.56871454271279,3.5082634419517063,31.563114986382228,44.19819108222347,31.9200004140536,36.000001430511475,37.70316367494096,2.0384716979268003,3.6294765395106765,12.635076095841239
grid,4,1,24.772612736381145,42.14196954583972,2.661242262917663,33.67210703654882,43.95102964770688,33.706667770942055,36.000001430511475,43.74996573391979,0.04732726320633891,1.8090601018671606,10.278922611158059
grid,8,1,24.772612736381145,42.920321854439074,1.637277945416715,37.78213055864105,43.859923447907214,34.72000062465668,36.000001430511475,37.05202982658442,1.458970015259705,0.9396015934681401,6.0777928892661635
grid,16,1,24.772612736381145,43.04100703915261,1.7648498805791464,36.63383200883015,43.99736538827786,35.013334353764854,36.000001430511475,43.89125046296396,0.047753844114397426,0.956358349125253,7.363533379447716
grid,32,1,24.772612736381145,43.388345473989226,1.2200468390928336,37.01653333851437,43.81888437947778,35.57333469390869,36.000001430511475,43.62875973123816,0.34012005125920525,0.4305389054885538,6.8023510409634085
ilids,2,1,64.1739363124167,71.01312589394335,1.6357065043426946,66.48514239028945,73.2442463700456,61.27777715524038,64.99999761581421,69.4236615100586,0.04500826691738915,2.231120476102248,6.759103979756148
ilids,4,1,64.1739363124167,72.10384213789321,0.9747310929318816,69.63762309814942,73.28359822189746,63.055554827054344,64.99999761581421,72.40734879050098,0.4192117002750373,1.1797560840042536,3.6459751237480447
ilids,8,1,64.1739363124167,72.47613249676631,0.5882307432619495,71.16519265048677,73.23861160625866,63.77777655919393,64.99999761581421,73.01772520602445,0.3648055420455323,0.7624791094923467,2.073418955771885
ilids,16,1,64.1739363124167,72.43667713774586,0.9696425753859101,68.95247807747809,73.36832762647983,63.66666535536448,64.99999761581421,73.29275573105495,0.026509537478373375,0.9316504887339647,4.415849549001734
ilids,32,1,64.1739363124167,72.59987703955485,0.5773984023824819,71.50593783048144,73.52566171396094,63.83333206176758,64.99999761581421,71.67295349893391,1.2428292176427427,0.9257846744060885,2.0197238834795
