domain,strategy,round,ref,n,dmAP,dmAP_std,wins
cuhk03,anchor:random,1,random,3,0.3409794398716504,0.5984984272571245,2
cuhk03,anchor:random,3,random,3,0.05932144891648505,0.409548758290565,2
cuhk03,anchor:random,5,random,3,0.41119639078776515,1.301418077319389,2
cuhk03,anchor:random@cn,1,random,3,4.189898899623323,0.1665596865044857,3
cuhk03,anchor:random@cn,3,random,3,0.6674793788364989,0.7845098135316161,2
cuhk03,anchor:random@cn,5,random,3,0.6550663539341551,1.3141492424796481,2
cuhk03,anchor:random@front,1,random,3,2.6294657389322893,0.17142805592710506,3
cuhk03,anchor:random@front,3,random,3,1.4610007149832664,0.34580567730435535,3
cuhk03,anchor:random@front,5,random,3,1.2783610026041667,1.0820260212275183,3
cuhk03,none,1,random,3,-0.9980087280273438,0.45005502607177755,0
cuhk03,none,3,random,3,-1.0872406732468345,0.66795115180111,0
cuhk03,none,5,random,3,-0.11139097667876285,0.8638417403348403,1
cuhk03,none@cn,1,random,3,3.9984959193638403,0.5590925811658579,3
cuhk03,none@cn,3,random,3,0.17611476353237285,1.2166036099802657,2
cuhk03,none@cn,5,random,3,-0.03872135707310539,0.8970168633234529,2
cuhk03,oracle,1,random,3,13.396119253976005,0.4749878807711088,3
cuhk03,oracle,3,random,3,8.975459507533488,0.7122001174634038,3
cuhk03,oracle,5,random,3,8.139660426548545,0.8380395939327671,3
cuhk03,random,1,random,3,0.0,0.0,0
cuhk03,random,3,random,3,0.0,0.0,0
cuhk03,random,5,random,3,0.0,0.0,0
cuhk03,random@1000,1,random,3,-0.1779280162992928,0.6157712304756227,1
cuhk03,random@1000,3,random,3,0.2419742402576309,0.8013634322712443,2
cuhk03,random@1000,5,random,3,0.5131825038364966,0.7253581873318269,2
cuhk03,random@cn,1,random,3,3.617893763950898,0.052642146116255624,3
cuhk03,random@cn,3,random,3,0.1453435988653311,1.1245424598693727,2
cuhk03,random@cn,5,random,3,-0.01605115618024655,1.0001511940150023,1
cuhk03,random@front,1,random,3,-0.22786639985584145,0.65402117122024,1
cuhk03,random@front,3,random,3,-0.5952936808268158,0.0870510013421186,0
cuhk03,random@front,5,random,3,-0.8836626325334839,1.0694790066936837,1
cuhk03,repair,1,random,3,-0.2157062348865324,0.5606606683194654,2
cuhk03,repair,3,random,3,-1.601769946870346,1.1806733587925935,0
cuhk03,repair,5,random,3,-0.9316162835984017,1.1128181774000085,1
cuhk03,repair2,1,random,3,-0.08131227039155675,0.49341034934925926,2
cuhk03,repair2,3,random,3,-1.114696684337794,0.6360273257273694,0
cuhk03,repair2,5,random,3,-1.298018319266184,1.381620817711503,0
cuhk03,repair2@cn,1,random,3,4.82060859316871,0.3078839794919081,3
cuhk03,repair2@cn,3,random,3,0.6371238345191609,0.8447081599479428,2
cuhk03,repair2@cn,5,random,3,0.0755397251674097,0.6984684345771063,1
cuhk03,repair2@front,1,random,3,2.3959499540783114,0.4219815345707166,3
cuhk03,repair2@front,3,random,3,1.4733944847470255,0.843427562955124,3
cuhk03,repair2@front,5,random,3,1.392506554013205,0.9860634968010694,3
cuhk03,repair_random,1,random,3,-0.5153692336309538,0.9801578886568614,1
cuhk03,repair_random,3,random,3,-0.36775752476283446,0.7020579913860682,1
cuhk03,repair_random,5,random,3,0.21035839262463205,0.8113302775645669,2
cuhk03,anchor:random,aulc,,3,56.07931285675043,0.3945675715829073,
cuhk03,anchor:random@cn,aulc,,3,57.52681312174386,0.13019690607009235,
cuhk03,anchor:random@front,aulc,,3,45.19922274634951,0.1440558982708877,
cuhk03,random,aulc,,3,55.863933308919265,0.2720011966481131,
cuhk03,random@1000,aulc,,3,56.009981100899836,0.2703898683408062,
cuhk03,random@cn,aulc,,3,57.004228646414624,0.30904348882072613,
cuhk03,random@front,aulc,,3,43.770556676955444,0.3228892114599892,
cuhk03,repair,aulc,,3,54.972190202985495,0.4629031749466239,
cuhk03,repair2,aulc,,3,55.134057290213455,0.5565361428768437,
cuhk03,repair2@cn,aulc,,3,57.58007336571103,0.2614866585418211,
cuhk03,repair2@front,aulc,,3,45.082464853922524,0.21474178951119285,
cuhk03,repair_random,aulc,,3,55.60429120744978,0.4413537740953381,
