domain,split,draw,k,vicp_rank1,vicp_mAP,tuned_rank1,tuned_mAP,loss_start,loss_end,pids
viper,0,0,16,77.84810066223145,83.9606993845051,77.53164768218994,83.73158240347264,0.02095246398821473,0.0033086777897551657,273 281 115 42 62 290 313 194 182 174 271 192 223 53 225 98
viper,0,1,16,77.84810066223145,83.98657636564964,75.94936490058899,82.97998159660757,0.018932027090340853,0.001980164286214858,273 281 115 42 62 290 313 194 182 174 271 192 223 53 225 98
viper,0,2,16,78.16455960273743,84.1407762727447,76.58227682113647,83.12134455483712,0.020481596002355218,0.0025315136299468577,273 281 115 42 62 290 313 194 182 174 271 192 223 53 225 98
viper,0,3,16,77.84810066223145,83.97525434764401,76.89873576164246,83.59502850125524,0.017717796098440885,0.0011347590130753814,273 281 115 42 62 290 313 194 182 174 271 192 223 53 225 98
viper,0,4,16,77.84810066223145,83.98213135788052,76.58227682113647,83.33265872274079,0.02379643335007131,0.0025296382373198867,273 281 115 42 62 290 313 194 182 174 271 192 223 53 225 98
viper,0,5,16,77.53164768218994,83.81599574721528,75.94936490058899,82.83130653698424,0.02141462741419673,0.0016815922688692808,273 281 115 42 62 290 313 194 182 174 271 192 223 53 225 98
viper,0,6,16,77.84810066223145,83.98784281190663,76.89873576164246,83.70151236729204,0.025126922503113748,0.0016462837113067508,273 281 115 42 62 290 313 194 182 174 271 192 223 53 225 98
viper,0,7,16,77.84810066223145,83.98572167880832,75.94936490058899,82.79200940414795,0.01972757061012089,0.0009063401143066585,273 281 115 42 62 290 313 194 182 174 271 192 223 53 225 98
viper,0,8,16,77.84810066223145,84.02736664608864,76.58227682113647,83.43468817599566,0.023046167148277164,0.0009178985725156963,273 281 115 42 62 290 313 194 182 174 271 192 223 53 225 98
viper,0,9,16,77.84810066223145,83.98213135788052,75.63291192054749,82.6983374550887,0.020876775169745086,0.0008662682957947254,273 281 115 42 62 290 313 194 182 174 271 192 223 53 225 98
grid,0,0,16,51.20000243186951,60.6217511110563,55.19999861717224,64.34304833044014,0.05906802359968424,0.009064727940130978,60 48 28 63 92 46 17 83 52 10 101 42 37 74 89 23
grid,0,1,16,51.20000243186951,60.55167514093911,54.40000295639038,64.07755426587298,0.05891020838171244,0.007755246327724308,60 48 28 63 92 46 17 83 52 10 101 42 37 74 89 23
grid,0,2,16,51.99999809265137,60.961435356455695,54.40000295639038,64.62287199921938,0.05396322794258594,0.0059848801116459075,60 48 28 63 92 46 17 83 52 10 101 42 37 74 89 23
grid,0,3,16,51.99999809265137,61.07704724720634,55.19999861717224,64.27089705497355,0.05368780214339495,0.004977905319537968,60 48 28 63 92 46 17 83 52 10 101 42 37 74 89 23
grid,0,4,16,51.99999809265137,61.11469653008126,56.00000023841858,65.37163085122783,0.060029600746929646,0.006491299730259925,60 48 28 63 92 46 17 83 52 10 101 42 37 74 89 23
grid,0,5,16,51.20000243186951,60.55803896191813,54.40000295639038,63.76189406487796,0.06105492785573006,0.004416126245632768,60 48 28 63 92 46 17 83 52 10 101 42 37 74 89 23
grid,0,6,16,51.20000243186951,60.637219204609096,53.60000133514404,63.579339994577175,0.05791165307164192,0.005650321603752673,60 48 28 63 92 46 17 83 52 10 101 42 37 74 89 23
grid,0,7,16,51.20000243186951,60.795388339792446,54.40000295639038,64.20428385723982,0.054668494313955304,0.00778336551738903,60 48 28 63 92 46 17 83 52 10 101 42 37 74 89 23
grid,0,8,16,51.99999809265137,61.14707353156841,54.40000295639038,64.28808580585375,0.057133841514587405,0.0035367051255889236,60 48 28 63 92 46 17 83 52 10 101 42 37 74 89 23
grid,0,9,16,51.20000243186951,60.67887247440855,53.60000133514404,63.43700505834804,0.05890904124826193,0.009152140864171088,60 48 28 63 92 46 17 83 52 10 101 42 37 74 89 23
ilids,0,0,16,85.00000238418579,89.9410866910867,88.33333253860474,92.56410256410255,0.058695020712912084,0.010390313004609197,23 15 45 8 50 37 27 44 34 30 36 5 40 52 28 58
ilids,0,1,16,83.33333134651184,89.38315696649029,88.33333253860474,92.57936507936509,0.055999655090272424,0.008700411871541292,23 15 45 8 50 37 27 44 34 30 36 5 40 52 28 58
ilids,0,2,16,85.00000238418579,90.21886446886447,85.00000238418579,90.35714285714285,0.056099026650190356,0.01001398500520736,23 15 45 8 50 37 27 44 34 30 36 5 40 52 28 58
ilids,0,3,16,85.00000238418579,90.21649029982363,88.33333253860474,92.83333333333333,0.05139794033020735,0.009287484840024262,23 15 45 8 50 37 27 44 34 30 36 5 40 52 28 58
ilids,0,4,16,83.33333134651184,89.14743589743588,88.33333253860474,92.83333333333333,0.05789478439837694,0.00992193390848115,23 15 45 8 50 37 27 44 34 30 36 5 40 52 28 58
ilids,0,5,16,85.00000238418579,90.21649029982363,88.33333253860474,92.83730158730158,0.060341499373316766,0.008840030431747437,23 15 45 8 50 37 27 44 34 30 36 5 40 52 28 58
ilids,0,6,16,85.00000238418579,90.21649029982363,88.33333253860474,92.00396825396825,0.053076126612722874,0.007026568683795631,23 15 45 8 50 37 27 44 34 30 36 5 40 52 28 58
ilids,0,7,16,85.00000238418579,90.21649029982363,88.33333253860474,92.55747126436782,0.05293969810009003,0.009721880021970719,23 15 45 8 50 37 27 44 34 30 36 5 40 52 28 58
ilids,0,8,16,85.00000238418579,90.21649029982363,88.33333253860474,93.10763888888887,0.057319453172385695,0.010391718987375499,23 15 45 8 50 37 27 44 34 30 36 5 40 52 28 58
ilids,0,9,16,85.00000238418579,89.93871252204585,86.66666746139526,91.73611111111111,0.05573455151170492,0.00838808671105653,23 15 45 8 50 37 27 44 34 30 36 5 40 52 28 58
