domain,strategy,round,n,queries,anchors,true_ids,mAP,mAP_std,rank1
cuhk03,anchor:random,1,3,49.666666666666664,50.0,512.6666666666666,50.63095310756139,0.6400780345544437,49.61904761904761
cuhk03,anchor:random,2,0,99.66666666666667,100.0,471.3333333333333,nan,nan,nan
cuhk03,anchor:random,3,3,149.66666666666666,150.0,464.0,60.73161061604818,0.2995468099867135,60.42857142857142
cuhk03,anchor:random,4,0,199.33333333333334,200.0,456.6666666666667,nan,nan,nan
cuhk03,anchor:random,5,3,249.33333333333334,250.0,457.0,64.21182105654763,0.5527714944064759,64.30952380952381
cuhk03,anchor:random@cn,1,3,49.666666666666664,50.0,495.3333333333333,54.479872567313045,0.2640929173992103,53.714285714285715
cuhk03,anchor:random@cn,2,0,99.66666666666667,100.0,474.6666666666667,nan,nan,nan
cuhk03,anchor:random@cn,3,3,149.66666666666666,150.0,476.3333333333333,61.33976854596819,0.08148760349800144,60.92857142857142
cuhk03,anchor:random@cn,4,0,199.33333333333334,200.0,466.0,nan,nan,nan
cuhk03,anchor:random@cn,5,3,249.33333333333334,250.0,462.6666666666667,64.45569101969402,0.589501660537699,64.64285714285714
cuhk03,anchor:random@front,1,3,249.66666666666666,250.0,474.6666666666667,52.91943940662202,0.2881117965417787,52.38095238095238
cuhk03,anchor:random@front,2,0,249.66666666666666,250.0,452.0,nan,nan,nan
cuhk03,anchor:random@front,3,3,249.66666666666666,250.0,448.3333333333333,62.13328988211496,0.6157107242515293,62.88095238095238
cuhk03,anchor:random@front,4,0,249.66666666666666,250.0,449.3333333333333,nan,nan,nan
cuhk03,anchor:random@front,5,3,249.66666666666666,250.0,446.3333333333333,65.07898566836404,0.8105239624398255,65.64285714285715
cuhk03,base,0,1,0.0,0.0,0.0,37.47900608607701,0.0,37.0
cuhk03,none,1,3,0.0,0.0,523.0,49.291964939662385,0.5481069019852717,47.785714285714285
cuhk03,none,2,0,0.0,0.0,508.3333333333333,nan,nan,nan
cuhk03,none,3,3,0.0,0.0,483.0,59.58504849388486,0.8578339785654494,59.47619047619048
cuhk03,none,4,0,0.0,0.0,476.6666666666667,nan,nan,nan
cuhk03,none,5,3,0.0,0.0,466.0,63.6892336890811,0.8627955115442639,64.42857142857143
cuhk03,none,6,0,0.0,0.0,462.6666666666667,nan,nan,nan
cuhk03,none,7,0,0.0,0.0,457.0,nan,nan,nan
cuhk03,none,8,3,0.0,0.0,458.0,65.6972674415225,0.959756495394476,66.30952380952381
cuhk03,none@cn,1,3,0.0,0.0,501.0,54.28846958705358,0.4441130057739169,53.23809523809524
cuhk03,none@cn,2,0,0.0,0.0,482.3333333333333,nan,nan,nan
cuhk03,none@cn,3,3,0.0,0.0,486.3333333333333,60.84840393066406,0.5410238128148801,60.5
cuhk03,none@cn,4,0,0.0,0.0,477.3333333333333,nan,nan,nan
cuhk03,none@cn,5,3,0.0,0.0,475.0,63.761903308686755,0.2700067488777395,63.833333333333336
cuhk03,oracle,1,3,0.0,0.0,767.0,63.68609292166574,0.5096357366448669,64.80952380952381
cuhk03,oracle,2,0,0.0,0.0,767.0,nan,nan,nan
cuhk03,oracle,3,3,0.0,0.0,767.0,69.64774867466518,0.21161560109138275,72.07142857142857
cuhk03,oracle,4,0,0.0,0.0,767.0,nan,nan,nan
cuhk03,oracle,5,3,0.0,0.0,767.0,71.9402850923084,0.29402443099048914,74.35714285714286
cuhk03,random,1,3,50.0,0.0,527.0,50.28997366768973,0.11873953759068934,49.30952380952382
cuhk03,random,2,0,100.0,0.0,510.6666666666667,nan,nan,nan
cuhk03,random,3,3,150.0,0.0,501.0,60.67228916713169,0.7076982294899687,60.61904761904762
cuhk03,random,4,0,200.0,0.0,495.0,nan,nan,nan
cuhk03,random,5,3,250.0,0.0,501.3333333333333,63.80062466575986,0.762477723161977,64.78571428571428
cuhk03,random@1000,1,3,200.0,0.0,541.0,50.11204565139044,0.49749913086232944,49.523809523809526
cuhk03,random@1000,2,0,400.0,0.0,537.0,nan,nan,nan
cuhk03,random@1000,3,3,600.0,0.0,530.3333333333334,60.91426340738932,0.14909273639054604,61.1904761904762
cuhk03,random@1000,4,0,800.0,0.0,538.3333333333334,nan,nan,nan
cuhk03,random@1000,5,3,1000.0,0.0,537.0,64.31380716959636,0.3946083542489016,65.09523809523809
cuhk03,random@cn,1,3,50.0,0.0,509.0,53.907867431640625,0.06625309148074235,53.357142857142854
cuhk03,random@cn,2,0,100.0,0.0,499.0,nan,nan,nan
cuhk03,random@cn,3,3,150.0,0.0,507.3333333333333,60.81763276599702,0.4179201291890835,59.80952380952382
cuhk03,random@cn,4,0,200.0,0.0,505.0,nan,nan,nan
cuhk03,random@cn,5,3,250.0,0.0,511.3333333333333,63.784573509579616,0.7931645140610535,63.714285714285715
cuhk03,random@front,1,3,250.0,0.0,542.0,50.06210726783389,0.6457784229199784,49.047619047619044
cuhk03,random@front,2,0,250.0,0.0,516.6666666666666,nan,nan,nan
cuhk03,random@front,3,3,250.0,0.0,502.3333333333333,60.076995486304874,0.7603931979513014,59.97619047619048
cuhk03,random@front,4,0,250.0,0.0,497.0,nan,nan,nan
cuhk03,random@front,5,3,250.0,0.0,493.0,62.916962033226376,0.43018426141735744,63.42857142857142
cuhk03,repair,1,3,50.0,0.0,526.0,50.0742674328032,0.5017021285044528,49.142857142857146
cuhk03,repair,2,0,100.0,0.0,531.0,nan,nan,nan
cuhk03,repair,3,3,150.0,0.0,546.0,59.07051922026135,0.6326461154245803,58.85714285714286
cuhk03,repair,4,0,200.0,0.0,551.0,nan,nan,nan
cuhk03,repair,5,3,250.0,0.0,560.3333333333334,62.86900838216146,0.5729481400477401,62.833333333333336
cuhk03,repair2,1,3,50.0,0.0,523.0,50.20866139729818,0.608106427677706,49.523809523809526
cuhk03,repair2,2,0,100.0,0.0,530.6666666666666,nan,nan,nan
cuhk03,repair2,3,3,150.0,0.0,541.6666666666666,59.5575924827939,0.9336595339891142,59.61904761904762
cuhk03,repair2,4,0,200.0,0.0,555.3333333333334,nan,nan,nan
cuhk03,repair2,5,3,250.0,0.0,563.0,62.50260634649368,0.6218842155970694,62.76190476190476
cuhk03,repair2@cn,1,3,50.0,0.0,501.0,55.11058226085844,0.4238595318183616,54.547619047619044
cuhk03,repair2@cn,2,0,100.0,0.0,518.6666666666666,nan,nan,nan
cuhk03,repair2@cn,3,3,150.0,0.0,551.3333333333334,61.30941300165085,0.20185880219744717,60.714285714285715
cuhk03,repair2@cn,4,0,200.0,0.0,564.0,nan,nan,nan
cuhk03,repair2@cn,5,3,250.0,0.0,572.0,63.87616439092727,0.43459865087097926,63.714285714285715
cuhk03,repair2@front,1,3,250.0,0.0,519.0,52.68592362176804,0.4294835790223848,51.92857142857142
cuhk03,repair2@front,2,0,250.0,0.0,481.6666666666667,nan,nan,nan
cuhk03,repair2@front,3,3,250.0,0.0,467.0,62.14568365187872,0.3596692419045426,62.714285714285715
cuhk03,repair2@front,4,0,250.0,0.0,472.6666666666667,nan,nan,nan
cuhk03,repair2@front,5,3,250.0,0.0,466.3333333333333,65.19313121977306,0.5030221714359444,66.04761904761905
cuhk03,repair_random,1,3,50.0,0.0,524.6666666666666,49.77460443405877,1.0460899023764143,48.76190476190476
cuhk03,repair_random,2,0,100.0,0.0,498.6666666666667,nan,nan,nan
cuhk03,repair_random,3,3,150.0,0.0,479.3333333333333,60.30453164236886,0.39732147060302825,60.404761904761905
cuhk03,repair_random,4,0,200.0,0.0,473.0,nan,nan,nan
cuhk03,repair_random,5,3,250.0,0.0,472.3333333333333,64.0109830583845,0.1618472502825876,64.97619047619048
cuhk03,shortlist@k1,1,3,50.0,0.0,523.0,49.573631649925595,0.43240186390183416,48.595238095238095
cuhk03,shortlist@k1,2,0,100.0,0.0,491.6666666666667,nan,nan,nan
cuhk03,shortlist@k1,3,3,150.0,0.0,476.3333333333333,60.11044020879836,0.5909509557817917,59.952380952380956
cuhk03,shortlist@k1,4,0,200.0,0.0,472.3333333333333,nan,nan,nan
cuhk03,shortlist@k1,5,3,250.0,0.0,467.6666666666667,63.6454336983817,1.042442074063657,63.952380952380956
cuhk03,shortlist@k1front,1,3,250.0,0.0,517.0,51.61876097179594,0.30337585408917134,51.45238095238094
cuhk03,shortlist@k1front,2,0,250.0,0.0,487.0,nan,nan,nan
cuhk03,shortlist@k1front,3,3,250.0,0.0,473.6666666666667,61.26266261509486,0.2398351031808828,61.6904761904762
cuhk03,shortlist@k1front,4,0,250.0,0.0,459.6666666666667,nan,nan,nan
cuhk03,shortlist@k1front,5,3,250.0,0.0,463.6666666666667,64.79774329775857,0.567889003610483,65.73809523809524
cuhk03,shortlist@k1front_cn,1,3,250.0,0.0,494.0,56.26943788074312,0.22955374300123205,55.47619047619048
cuhk03,shortlist@k1front_cn,2,0,250.0,0.0,500.3333333333333,nan,nan,nan
cuhk03,shortlist@k1front_cn,3,3,250.0,0.0,499.6666666666667,63.42149498349144,0.7272438861644639,63.166666666666664
cuhk03,shortlist@k1front_cn,4,0,250.0,0.0,497.0,nan,nan,nan
cuhk03,shortlist@k1front_cn,5,3,250.0,0.0,497.6666666666667,64.38073221842448,0.4104044299887237,64.52380952380952
cuhk03,shortlist@k3front,1,3,250.0,0.0,523.0,51.634523664202014,0.5871789834706115,50.595238095238095
cuhk03,shortlist@k3front,2,0,250.0,0.0,498.0,nan,nan,nan
cuhk03,shortlist@k3front,3,3,250.0,0.0,476.0,60.956307184128526,0.5191291517875211,61.523809523809526
cuhk03,shortlist@k3front,4,0,250.0,0.0,473.3333333333333,nan,nan,nan
cuhk03,shortlist@k3front,5,3,250.0,0.0,471.6666666666667,64.85395776657832,0.5527295773607166,66.19047619047619
cuhk03,shortlist@k5,1,3,50.0,0.0,523.0,49.553637186686196,1.1942760696130783,48.23809523809524
cuhk03,shortlist@k5,2,0,100.0,0.0,499.0,nan,nan,nan
cuhk03,shortlist@k5,3,3,150.0,0.0,475.6666666666667,60.65811011904762,0.4761190294714443,60.92857142857142
cuhk03,shortlist@k5,4,0,200.0,0.0,472.3333333333333,nan,nan,nan
cuhk03,shortlist@k5,5,3,250.0,0.0,462.0,64.15636444091797,0.27853605339866744,65.28571428571429
cuhk03,shortlist@k5front,1,3,250.0,0.0,523.0,51.411375863211504,0.6039059447612871,50.92857142857142
cuhk03,shortlist@k5front,2,0,250.0,0.0,497.3333333333333,nan,nan,nan
cuhk03,shortlist@k5front,3,3,250.0,0.0,475.6666666666667,60.13958921886626,0.4219949404143379,60.23809523809524
cuhk03,shortlist@k5front,4,0,250.0,0.0,470.3333333333333,nan,nan,nan
cuhk03,shortlist@k5front,5,3,250.0,0.0,468.6666666666667,63.38114674886068,0.3820894743859791,64.33333333333333
market1501,base,0,1,0.0,0.0,0.0,63.112314183468484,0.0,82.51187648456056
market1501,none@cn,1,2,0.0,0.0,525.0,80.06241293247976,0.22199567310034496,91.10748218527316
market1501,none@cn,2,0,0.0,0.0,551.5,nan,nan,nan
market1501,none@cn,3,2,0.0,0.0,558.0,83.89521664508447,0.04950271932641925,92.91864608076008
market1501,none@cn,4,0,0.0,0.0,558.0,nan,nan,nan
market1501,none@cn,5,2,0.0,0.0,562.0,84.92692598537708,0.04315410260633712,93.57185273159145
