domain,split,path_a,path_b,sim,tau,same
msmt17,0,/root/autodl-tmp/reid-data/msmt17/MSMT17_V1/train/1037/1037_018_11_0114afternoon_1726_4.jpg,/root/autodl-tmp/reid-data/msmt17/MSMT17_V1/train/1037/1037_023_09_0114afternoon_1728_0.jpg,0.7212012410163879,0.5391477346420288,1
msmt17,0,/root/autodl-tmp/reid-data/msmt17/MSMT17_V1/train/0557/0557_044_04_0113afternoon_1545_0.jpg,/root/autodl-tmp/reid-data/msmt17/MSMT17_V1/train/0557/0557_014_11_0113afternoon_1310_0_ex.jpg,0.7668811082839966,0.5391477346420288,1
msmt17,0,/root/autodl-tmp/reid-data/msmt17/MSMT17_V1/train/0280/0280_018_12_0303afternoon_1396_1_ex.jpg,/root/autodl-tmp/reid-data/msmt17/MSMT17_V1/train/0280/0280_012_13_0303afternoon_1428_0.jpg,0.6005503535270691,0.5391477346420288,1
msmt17,0,/root/autodl-tmp/reid-data/msmt17/MSMT17_V1/train/0081/0081_023_05_0303morning_1417_0.jpg,/root/autodl-tmp/reid-data/msmt17/MSMT17_V1/train/0081/0081_017_07_0303morning_1399_0_ex.jpg,0.6709750294685364,0.5391477346420288,1
msmt17,0,/root/autodl-tmp/reid-data/msmt17/MSMT17_V1/train/0530/0530_017_11_0113afternoon_0137_4_ex.jpg,/root/autodl-tmp/reid-data/msmt17/MSMT17_V1/train/0530/0530_031_08_0113afternoon_0399_0_ex.jpg,0.6100130677223206,0.5391477346420288,1
msmt17,0,/root/autodl-tmp/reid-data/msmt17/MSMT17_V1/train/0068/0068_030_14_0303afternoon_0107_0_ex.jpg,/root/autodl-tmp/reid-data/msmt17/MSMT17_V1/train/0068/0068_054_01_0303afternoon_0105_1.jpg,0.7605577111244202,0.5391477346420288,1
msmt17,0,/root/autodl-tmp/reid-data/msmt17/MSMT17_V1/train/0924/0924_044_14_0114noon_0561_2.jpg,/root/autodl-tmp/reid-data/msmt17/MSMT17_V1/train/0924/0924_026_06_0114noon_0513_0_ex.jpg,0.6344069838523865,0.5391477346420288,1
msmt17,0,/root/autodl-tmp/reid-data/msmt17/MSMT17_V1/train/0765/0765_017_11_0302afternoon_0401_0_ex.jpg,/root/autodl-tmp/reid-data/msmt17/MSMT17_V1/train/0765/0765_005_13_0302afternoon_0396_0_ex.jpg,0.696670413017273,0.5391477346420288,1
msmt17,0,/root/autodl-tmp/reid-data/msmt17/MSMT17_V1/train/0816/0816_009_05_0114morning_0609_3_ex.jpg,/root/autodl-tmp/reid-data/msmt17/MSMT17_V1/train/0816/0816_007_07_0114morning_0591_1_ex.jpg,0.7960071563720703,0.5391477346420288,1
msmt17,0,/root/autodl-tmp/reid-data/msmt17/MSMT17_V1/train/0699/0699_024_03_0302afternoon_0845_0_ex.jpg,/root/autodl-tmp/reid-data/msmt17/MSMT17_V1/train/0699/0699_007_14_0302afternoon_0824_1_ex.jpg,0.6687639951705933,0.5391477346420288,1
msmt17,0,/root/autodl-tmp/reid-data/msmt17/MSMT17_V1/train/0537/0537_062_11_0113afternoon_0441_0_ex.jpg,/root/autodl-tmp/reid-data/msmt17/MSMT17_V1/train/0537/0537_035_13_0113afternoon_0680_3_ex.jpg,0.6895567178726196,0.5391477346420288,1
msmt17,0,/root/autodl-tmp/reid-data/msmt17/MSMT17_V1/train/0055/0055_021_15_0303morning_1076_0.jpg,/root/autodl-tmp/reid-data/msmt17/MSMT17_V1/train/0055/0055_016_14_0303morning_1099_3.jpg,0.6712530851364136,0.5391477346420288,1
msmt17,0,/root/autodl-tmp/reid-data/msmt17/MSMT17_V1/train/0298/0298_054_04_0303afternoon_1791_1.jpg,/root/autodl-tmp/reid-data/msmt17/MSMT17_V1/train/0298/0298_007_12_0303afternoon_1784_1_ex.jpg,0.7287968993186951,0.5391477346420288,1
msmt17,0,/root/autodl-tmp/reid-data/msmt17/MSMT17_V1/train/0212/0212_021_01_0303afternoon_1640_0_ex.jpg,/root/autodl-tmp/reid-data/msmt17/MSMT17_V1/train/0212/0212_005_14_0303afternoon_1391_0_ex.jpg,0.7219310402870178,0.5391477346420288,1
msmt17,0,/root/autodl-tmp/reid-data/msmt17/MSMT17_V1/train/0343/0343_014_05_0113morning_0698_0_ex.jpg,/root/autodl-tmp/reid-data/msmt17/MSMT17_V1/train/0343/0343_008_07_0113morning_0677_0_ex.jpg,0.6539743542671204,0.5391477346420288,1
msmt17,0,/root/autodl-tmp/reid-data/msmt17/MSMT17_V1/train/0385/0385_018_10_0113morning_0253_0.jpg,/root/autodl-tmp/reid-data/msmt17/MSMT17_V1/train/0385/0385_003_13_0113morning_0251_0_ex.jpg,0.6093995571136475,0.5391477346420288,1
msmt17,0,/root/autodl-tmp/reid-data/msmt17/MSMT17_V1/train/0825/0825_014_05_0114morning_0830_1.jpg,/root/autodl-tmp/reid-data/msmt17/MSMT17_V1/train/0825/0825_006_07_0114morning_0808_0.jpg,0.7028245329856873,0.5391477346420288,1
msmt17,0,/root/autodl-tmp/reid-data/msmt17/MSMT17_V1/train/0377/0377_001_01_0113morning_1742_1_ex.jpg,/root/autodl-tmp/reid-data/msmt17/MSMT17_V1/train/0377/0377_026_14_0113morning_1600_0_ex.jpg,0.6852362751960754,0.5391477346420288,1
msmt17,0,/root/autodl-tmp/reid-data/msmt17/MSMT17_V1/train/1026/1026_033_06_0114afternoon_0502_1.jpg,/root/autodl-tmp/reid-data/msmt17/MSMT17_V1/train/1026/1026_000_12_0114afternoon_0510_0.jpg,0.5773074626922607,0.5391477346420288,1
msmt17,0,/root/autodl-tmp/reid-data/msmt17/MSMT17_V1/train/0027/0027_032_14_0303afternoon_0237_2_ex.jpg,/root/autodl-tmp/reid-data/msmt17/MSMT17_V1/train/0027/0027_018_05_0303morning_0409_2_ex.jpg,0.6946382522583008,0.5391477346420288,1
msmt17,0,/root/autodl-tmp/reid-data/msmt17/MSMT17_V1/train/1021/1021_013_01_0114afternoon_1828_1.jpg,/root/autodl-tmp/reid-data/msmt17/MSMT17_V1/train/1021/1021_001_14_0114afternoon_1770_0_ex.jpg,0.7396460175514221,0.5391477346420288,1
msmt17,0,/root/autodl-tmp/reid-data/msmt17/MSMT17_V1/train/0558/0558_026_13_0113afternoon_1588_2.jpg,/root/autodl-tmp/reid-data/msmt17/MSMT17_V1/train/0558/0558_053_11_0113afternoon_1342_1.jpg,0.7085288763046265,0.5391477346420288,1
msmt17,0,/root/autodl-tmp/reid-data/msmt17/MSMT17_V1/train/0396/0396_035_09_0113morning_1579_2.jpg,/root/autodl-tmp/reid-data/msmt17/MSMT17_V1/train/0396/0396_004_13_0113morning_1666_2.jpg,0.6150733828544617,0.5391477346420288,1
msmt17,0,/root/autodl-tmp/reid-data/msmt17/MSMT17_V1/train/0923/0923_052_07_0114noon_0460_0.jpg,/root/autodl-tmp/reid-data/msmt17/MSMT17_V1/train/0923/0923_075_06_0114noon_0484_0_ex.jpg,0.8489194512367249,0.5391477346420288,1
msmt17,0,/root/autodl-tmp/reid-data/msmt17/MSMT17_V1/train/0180/0180_019_01_0303afternoon_0782_1.jpg,/root/autodl-tmp/reid-data/msmt17/MSMT17_V1/train/0180/0180_017_07_0303afternoon_0762_0.jpg,0.6383036971092224,0.5391477346420288,1
msmt17,0,/root/autodl-tmp/reid-data/msmt17/MSMT17_V1/train/0225/0225_073_07_0303afternoon_0248_1.jpg,/root/autodl-tmp/reid-data/msmt17/MSMT17_V1/train/0225/0225_080_05_0303afternoon_0263_4.jpg,0.6160877346992493,0.5391477346420288,1
msmt17,0,/root/autodl-tmp/reid-data/msmt17/MSMT17_V1/train/0853/0853_002_01_0114morning_1506_1.jpg,/root/autodl-tmp/reid-data/msmt17/MSMT17_V1/train/0853/0853_022_14_0114morning_1471_0_ex.jpg,0.6019025444984436,0.5391477346420288,1
msmt17,0,/root/autodl-tmp/reid-data/msmt17/MSMT17_V1/train/0511/0511_073_11_0113noon_1100_0_ex.jpg,/root/autodl-tmp/reid-data/msmt17/MSMT17_V1/train/0511/0511_045_13_0113noon_1256_1.jpg,0.7513148188591003,0.5391477346420288,1
msmt17,0,/root/autodl-tmp/reid-data/msmt17/MSMT17_V1/train/0246/0246_029_04_0303afternoon_0831_0_ex.jpg,/root/autodl-tmp/reid-data/msmt17/MSMT17_V1/train/0246/0246_053_01_0303afternoon_0858_2.jpg,0.6299721598625183,0.5391477346420288,1
msmt17,0,/root/autodl-tmp/reid-data/msmt17/MSMT17_V1/train/0863/0863_004_05_0114morning_1585_1.jpg,/root/autodl-tmp/reid-data/msmt17/MSMT17_V1/train/0863/0863_006_14_0114morning_1673_2_ex.jpg,0.573051393032074,0.5391477346420288,1
msmt17,0,/root/autodl-tmp/reid-data/msmt17/MSMT17_V1/train/0066/0066_016_07_0303morning_1061_0.jpg,/root/autodl-tmp/reid-data/msmt17/MSMT17_V1/train/0066/0066_033_15_0303morning_1269_0_ex.jpg,0.7405827641487122,0.5391477346420288,1
msmt17,0,/root/autodl-tmp/reid-data/msmt17/MSMT17_V1/train/0608/0608_052_13_0302morning_0508_2_ex.jpg,/root/autodl-tmp/reid-data/msmt17/MSMT17_V1/train/0608/0608_037_09_0302morning_0448_1_ex.jpg,0.6088351607322693,0.5391477346420288,1
msmt17,0,/root/autodl-tmp/reid-data/msmt17/MSMT17_V1/train/0171/0171_033_11_0303afternoon_0604_2.jpg,/root/autodl-tmp/reid-data/msmt17/MSMT17_V1/train/0171/0171_007_05_0303afternoon_0588_0.jpg,0.6286264657974243,0.5391477346420288,1
msmt17,0,/root/autodl-tmp/reid-data/msmt17/MSMT17_V1/train/0053/0053_002_01_0303morning_0823_0.jpg,/root/autodl-tmp/reid-data/msmt17/MSMT17_V1/train/0053/0053_010_07_0303morning_0821_0_ex.jpg,0.6589259505271912,0.5391477346420288,1
msmt17,0,/root/autodl-tmp/reid-data/msmt17/MSMT17_V1/train/0500/0500_023_10_0113noon_0989_1.jpg,/root/autodl-tmp/reid-data/msmt17/MSMT17_V1/train/0500/0500_042_11_0114noon_1305_1.jpg,0.5593240857124329,0.5391477346420288,1
msmt17,0,/root/autodl-tmp/reid-data/msmt17/MSMT17_V1/train/0858/0858_011_05_0114morning_1463_0_ex.jpg,/root/autodl-tmp/reid-data/msmt17/MSMT17_V1/train/0858/0858_005_07_0114morning_1497_0.jpg,0.5970709919929504,0.5391477346420288,1
msmt17,0,/root/autodl-tmp/reid-data/msmt17/MSMT17_V1/train/0708/0708_005_14_0302afternoon_1084_0.jpg,/root/autodl-tmp/reid-data/msmt17/MSMT17_V1/train/0708/0708_019_07_0302afternoon_1066_2_ex.jpg,0.7712070345878601,0.5391477346420288,1
msmt17,0,/root/autodl-tmp/reid-data/msmt17/MSMT17_V1/train/0633/0633_004_13_0302noon_0066_3.jpg,/root/autodl-tmp/reid-data/msmt17/MSMT17_V1/train/0633/0633_032_10_0302noon_0138_0.jpg,0.6362693905830383,0.5391477346420288,1
msmt17,0,/root/autodl-tmp/reid-data/msmt17/MSMT17_V1/train/0570/0570_061_13_0302morning_0089_0_ex.jpg,/root/autodl-tmp/reid-data/msmt17/MSMT17_V1/train/0570/0570_108_12_0302morning_0118_4_ex.jpg,0.7039172649383545,0.5391477346420288,1
msmt17,0,/root/autodl-tmp/reid-data/msmt17/MSMT17_V1/train/0544/0544_067_06_0113afternoon_0974_0.jpg,/root/autodl-tmp/reid-data/msmt17/MSMT17_V1/train/0544/0544_072_05_0113afternoon_1018_1.jpg,0.7425727248191833,0.5391477346420288,1
msmt17,0,/root/autodl-tmp/reid-data/msmt17/MSMT17_V1/train/0936/0936_040_07_0114noon_1125_3.jpg,/root/autodl-tmp/reid-data/msmt17/MSMT17_V1/train/0936/0936_000_12_0114noon_1191_1.jpg,0.6665594577789307,0.5391477346420288,1
msmt17,0,/root/autodl-tmp/reid-data/msmt17/MSMT17_V1/train/0236/0236_001_13_0303afternoon_0642_0_ex.jpg,/root/autodl-tmp/reid-data/msmt17/MSMT17_V1/train/0236/0236_041_11_0302afternoon_1664_0.jpg,0.6476230025291443,0.5391477346420288,1
msmt17,0,/root/autodl-tmp/reid-data/msmt17/MSMT17_V1/train/0953/0953_045_09_0114afternoon_0504_0.jpg,/root/autodl-tmp/reid-data/msmt17/MSMT17_V1/train/0953/0953_086_11_0114afternoon_1066_0.jpg,0.6437665820121765,0.5391477346420288,1
msmt17,0,/root/autodl-tmp/reid-data/msmt17/MSMT17_V1/train/0925/0925_005_12_0114noon_0553_0_ex.jpg,/root/autodl-tmp/reid-data/msmt17/MSMT17_V1/train/0925/0925_024_11_0114noon_0546_1.jpg,0.778705358505249,0.5391477346420288,1
msmt17,0,/root/autodl-tmp/reid-data/msmt17/MSMT17_V1/train/1037/1037_007_13_0114afternoon_1719_3.jpg,/root/autodl-tmp/reid-data/msmt17/MSMT17_V1/train/1037/1037_001_12_0114afternoon_1723_0_ex.jpg,0.692080557346344,0.5391477346420288,1
msmt17,0,/root/autodl-tmp/reid-data/msmt17/MSMT17_V1/train/0367/0367_010_05_0113morning_1119_0.jpg,/root/autodl-tmp/reid-data/msmt17/MSMT17_V1/train/0367/0367_004_01_0113morning_1257_0.jpg,0.6499148607254028,0.5391477346420288,1
msmt17,0,/root/autodl-tmp/reid-data/msmt17/MSMT17_V1/train/0300/0300_013_11_0303afternoon_1825_0.jpg,/root/autodl-tmp/reid-data/msmt17/MSMT17_V1/train/0300/0300_009_12_0303afternoon_1825_0_ex.jpg,0.6837794780731201,0.5391477346420288,1
msmt17,0,/root/autodl-tmp/reid-data/msmt17/MSMT17_V1/train/0159/0159_025_01_0303afternoon_0301_4.jpg,/root/autodl-tmp/reid-data/msmt17/MSMT17_V1/train/0159/0159_006_14_0303afternoon_0297_1.jpg,0.8301897644996643,0.5391477346420288,1
msmt17,0,/root/autodl-tmp/reid-data/msmt17/MSMT17_V1/train/0274/0274_015_11_0303afternoon_1323_1_ex.jpg,/root/autodl-tmp/reid-data/msmt17/MSMT17_V1/train/0274/0274_004_13_0303afternoon_1329_0.jpg,0.6943262815475464,0.5391477346420288,1
msmt17,0,/root/autodl-tmp/reid-data/msmt17/MSMT17_V1/train/0671/0671_006_13_0302noon_1546_1.jpg,/root/autodl-tmp/reid-data/msmt17/MSMT17_V1/train/0671/0671_051_11_0302noon_1555_2.jpg,0.6218198537826538,0.5391477346420288,1
msmt17,0,/root/autodl-tmp/reid-data/msmt17/MSMT17_V1/train/0791/0791_005_13_0302afternoon_1353_3.jpg,/root/autodl-tmp/reid-data/msmt17/MSMT17_V1/train/0791/0791_010_11_0302afternoon_1591_0_ex.jpg,0.5860822796821594,0.5391477346420288,1
msmt17,0,/root/autodl-tmp/reid-data/msmt17/MSMT17_V1/train/0735/0735_021_14_0302afternoon_0212_2.jpg,/root/autodl-tmp/reid-data/msmt17/MSMT17_V1/train/0735/0735_010_07_0302afternoon_0166_0.jpg,0.6611160635948181,0.5391477346420288,1
msmt17,0,/root/autodl-tmp/reid-data/msmt17/MSMT17_V1/train/0378/0378_004_01_0113morning_1759_5.jpg,/root/autodl-tmp/reid-data/msmt17/MSMT17_V1/train/0378/0378_014_14_0113morning_1618_0_ex.jpg,0.7637277245521545,0.5391477346420288,1
msmt17,0,/root/autodl-tmp/reid-data/msmt17/MSMT17_V1/train/0597/0597_009_07_0302morning_0475_2_ex.jpg,/root/autodl-tmp/reid-data/msmt17/MSMT17_V1/train/0597/0597_012_05_0302morning_0574_1_ex.jpg,0.6158074736595154,0.5391477346420288,1
msmt17,0,/root/autodl-tmp/reid-data/msmt17/MSMT17_V1/train/0307/0307_004_07_0113morning_0176_0.jpg,/root/autodl-tmp/reid-data/msmt17/MSMT17_V1/train/0307/0307_010_05_0113morning_0198_0.jpg,0.6616284251213074,0.5391477346420288,1
msmt17,0,/root/autodl-tmp/reid-data/msmt17/MSMT17_V1/train/0242/0242_032_04_0303afternoon_0761_2_ex.jpg,/root/autodl-tmp/reid-data/msmt17/MSMT17_V1/train/0242/0242_025_08_0303afternoon_0721_1_ex.jpg,0.6084324717521667,0.5391477346420288,1
msmt17,0,/root/autodl-tmp/reid-data/msmt17/MSMT17_V1/train/0934/0934_072_05_0114noon_1025_1.jpg,/root/autodl-tmp/reid-data/msmt17/MSMT17_V1/train/0934/0934_042_07_0114noon_0975_1_ex.jpg,0.6646133065223694,0.5391477346420288,1
msmt17,0,/root/autodl-tmp/reid-data/msmt17/MSMT17_V1/train/0603/0603_008_01_0302morning_0403_0.jpg,/root/autodl-tmp/reid-data/msmt17/MSMT17_V1/train/0603/0603_026_05_0302morning_0618_0_ex.jpg,0.5741603374481201,0.5391477346420288,1
msmt17,0,/root/autodl-tmp/reid-data/msmt17/MSMT17_V1/train/0688/0688_039_01_0302afternoon_0579_1.jpg,/root/autodl-tmp/reid-data/msmt17/MSMT17_V1/train/0688/0688_004_14_0302afternoon_0542_1.jpg,0.801501989364624,0.5391477346420288,1
msmt17,0,/root/autodl-tmp/reid-data/msmt17/MSMT17_V1/train/0873/0873_061_04_0114morning_0862_0_ex.jpg,/root/autodl-tmp/reid-data/msmt17/MSMT17_V1/train/0873/0873_023_11_0114morning_1028_1_ex.jpg,0.7092111706733704,0.5391477346420288,1
msmt17,0,/root/autodl-tmp/reid-data/msmt17/MSMT17_V1/train/0119/0119_194_11_0302afternoon_0765_0.jpg,/root/autodl-tmp/reid-data/msmt17/MSMT17_V1/train/0119/0119_187_13_0302afternoon_0521_0_ex.jpg,0.683323323726654,0.5391477346420288,1
msmt17,0,/root/autodl-tmp/reid-data/msmt17/MSMT17_V1/train/0235/0235_017_11_0303afternoon_0605_0_ex.jpg,/root/autodl-tmp/reid-data/msmt17/MSMT17_V1/train/0235/0235_007_13_0303afternoon_0612_0.jpg,0.6186169385910034,0.5391477346420288,1
msmt17,0,/root/autodl-tmp/reid-data/msmt17/MSMT17_V1/train/0676/0676_006_14_0302afternoon_0202_1.jpg,/root/autodl-tmp/reid-data/msmt17/MSMT17_V1/train/0676/0676_046_01_0302afternoon_0237_2.jpg,0.6960747838020325,0.5391477346420288,1
msmt17,0,/root/autodl-tmp/reid-data/msmt17/MSMT17_V1/train/0110/0110_025_06_0303noon_0047_0_ex.jpg,/root/autodl-tmp/reid-data/msmt17/MSMT17_V1/train/0110/0110_028_07_0303noon_0048_2_ex.jpg,0.7575632929801941,0.5391477346420288,1
msmt17,0,/root/autodl-tmp/reid-data/msmt17/MSMT17_V1/train/0119/0119_272_06_0303afternoon_1112_0.jpg,/root/autodl-tmp/reid-data/msmt17/MSMT17_V1/train/0119/0119_021_07_0303noon_0288_1.jpg,0.6631694436073303,0.5391477346420288,1
msmt17,0,/root/autodl-tmp/reid-data/msmt17/MSMT17_V1/train/0977/0977_028_01_0114afternoon_0973_1_ex.jpg,/root/autodl-tmp/reid-data/msmt17/MSMT17_V1/train/0977/0977_007_14_0114afternoon_0926_1_ex.jpg,0.7272658944129944,0.5391477346420288,1
msmt17,0,/root/autodl-tmp/reid-data/msmt17/MSMT17_V1/train/1022/1022_017_13_0114afternoon_0252_1.jpg,/root/autodl-tmp/reid-data/msmt17/MSMT17_V1/train/1022/1022_024_11_0114afternoon_0255_0_ex.jpg,0.6314413547515869,0.5391477346420288,1
msmt17,0,/root/autodl-tmp/reid-data/msmt17/MSMT17_V1/train/0366/0366_001_01_0113morning_1239_1_ex.jpg,/root/autodl-tmp/reid-data/msmt17/MSMT17_V1/train/0366/0366_010_07_0113morning_1076_0_ex.jpg,0.5963818430900574,0.5391477346420288,1
msmt17,0,/root/autodl-tmp/reid-data/msmt17/MSMT17_V1/train/0001/0001_014_01_0303morning_0037_2_ex.jpg,/root/autodl-tmp/reid-data/msmt17/MSMT17_V1/train/0001/0001_032_14_0303morning_0264_1.jpg,0.7433874011039734,0.5391477346420288,1
msmt17,0,/root/autodl-tmp/reid-data/msmt17/MSMT17_V1/train/0151/0151_026_04_0303afternoon_0105_0_ex.jpg,/root/autodl-tmp/reid-data/msmt17/MSMT17_V1/train/0151/0151_009_05_0303afternoon_0103_1_ex.jpg,0.7047503590583801,0.5391477346420288,1
msmt17,0,/root/autodl-tmp/reid-data/msmt17/MSMT17_V1/train/0552/0552_006_13_0113afternoon_1311_0_ex.jpg,/root/autodl-tmp/reid-data/msmt17/MSMT17_V1/train/0552/0552_023_04_0113afternoon_1313_1_ex.jpg,0.7212724089622498,0.5391477346420288,1
msmt17,0,/root/autodl-tmp/reid-data/msmt17/MSMT17_V1/train/0367/0367_003_01_0113morning_1256_0_ex.jpg,/root/autodl-tmp/reid-data/msmt17/MSMT17_V1/train/0367/0367_012_14_0113morning_1111_0.jpg,0.6554684042930603,0.5391477346420288,1
msmt17,0,/root/autodl-tmp/reid-data/msmt17/MSMT17_V1/train/0259/0259_033_04_0303afternoon_1001_0_ex.jpg,/root/autodl-tmp/reid-data/msmt17/MSMT17_V1/train/0259/0259_057_05_0303afternoon_1024_0_ex.jpg,0.7343747615814209,0.5391477346420288,1
msmt17,0,/root/autodl-tmp/reid-data/msmt17/MSMT17_V1/train/0671/0671_045_11_0302noon_1552_0.jpg,/root/autodl-tmp/reid-data/msmt17/MSMT17_V1/train/0671/0671_027_13_0302noon_1566_1.jpg,0.7174050807952881,0.5391477346420288,1
msmt17,0,/root/autodl-tmp/reid-data/msmt17/MSMT17_V1/train/0544/0544_057_07_0113afternoon_0985_2.jpg,/root/autodl-tmp/reid-data/msmt17/MSMT17_V1/train/0544/0544_069_06_0113afternoon_0975_0.jpg,0.6538495421409607,0.5391477346420288,1
msmt17,0,/root/autodl-tmp/reid-data/msmt17/MSMT17_V1/train/1032/1032_047_06_0114afternoon_1257_0_ex.jpg,/root/autodl-tmp/reid-data/msmt17/MSMT17_V1/train/1032/1032_084_14_0114afternoon_1303_0.jpg,0.7062231302261353,0.5391477346420288,1
msmt17,0,/root/autodl-tmp/reid-data/msmt17/MSMT17_V1/train/0967/0967_018_07_0114afternoon_0697_0_ex.jpg,/root/autodl-tmp/reid-data/msmt17/MSMT17_V1/train/0967/0967_008_14_0114afternoon_0720_0_ex.jpg,0.746547520160675,0.5391477346420288,1
msmt17,0,/root/autodl-tmp/reid-data/msmt17/MSMT17_V1/train/0789/0789_016_11_0302afternoon_1528_2_ex.jpg,/root/autodl-tmp/reid-data/msmt17/MSMT17_V1/train/0789/0789_005_13_0302afternoon_1285_0_ex.jpg,0.7110854983329773,0.5391477346420288,1
msmt17,0,/root/autodl-tmp/reid-data/msmt17/MSMT17_V1/train/0529/0529_055_07_0113afternoon_0309_2.jpg,/root/autodl-tmp/reid-data/msmt17/MSMT17_V1/train/0529/0529_066_06_0113afternoon_0300_0.jpg,0.688351035118103,0.5391477346420288,1
msmt17,0,/root/autodl-tmp/reid-data/msmt17/MSMT17_V1/train/0087/0087_007_01_0303morning_1519_2.jpg,/root/autodl-tmp/reid-data/msmt17/MSMT17_V1/train/0087/0087_016_04_0303morning_1526_1_ex.jpg,0.6588932871818542,0.5391477346420288,1
msmt17,0,/root/autodl-tmp/reid-data/msmt17/MSMT17_V1/train/0879/0879_001_05_0114noon_0256_4.jpg,/root/autodl-tmp/reid-data/msmt17/MSMT17_V1/train/0879/0879_009_14_0114noon_0280_5.jpg,0.7038120031356812,0.5391477346420288,1
msmt17,0,/root/autodl-tmp/reid-data/msmt17/MSMT17_V1/train/0249/0249_017_08_0303afternoon_0843_0.jpg,/root/autodl-tmp/reid-data/msmt17/MSMT17_V1/train/0249/0249_014_11_0303afternoon_0866_0_ex.jpg,0.6481336951255798,0.5391477346420288,1
msmt17,0,/root/autodl-tmp/reid-data/msmt17/MSMT17_V1/train/0278/0278_008_11_0303afternoon_1392_1_ex.jpg,/root/autodl-tmp/reid-data/msmt17/MSMT17_V1/train/0278/0278_013_06_0303afternoon_1414_1_ex.jpg,0.6426292657852173,0.5391477346420288,1
msmt17,0,/root/autodl-tmp/reid-data/msmt17/MSMT17_V1/train/0561/0561_044_11_0114afternoon_0987_0.jpg,/root/autodl-tmp/reid-data/msmt17/MSMT17_V1/train/0561/0561_007_13_0113afternoon_1653_4.jpg,0.7692860960960388,0.5391477346420288,1
msmt17,0,/root/autodl-tmp/reid-data/msmt17/MSMT17_V1/train/0707/0707_009_07_0302afternoon_1043_3.jpg,/root/autodl-tmp/reid-data/msmt17/MSMT17_V1/train/0707/0707_013_01_0302afternoon_1093_4.jpg,0.6462317705154419,0.5391477346420288,1
msmt17,0,/root/autodl-tmp/reid-data/msmt17/MSMT17_V1/train/0119/0119_117_07_0303afternoon_0141_1.jpg,/root/autodl-tmp/reid-data/msmt17/MSMT17_V1/train/0119/0119_386_13_0302morning_0105_0.jpg,0.6822890639305115,0.5391477346420288,1
msmt17,0,/root/autodl-tmp/reid-data/msmt17/MSMT17_V1/train/0485/0485_060_14_0113noon_0471_1_ex.jpg,/root/autodl-tmp/reid-data/msmt17/MSMT17_V1/train/0485/0485_057_05_0113noon_0498_0.jpg,0.5816077589988708,0.5391477346420288,1
msmt17,0,/root/autodl-tmp/reid-data/msmt17/MSMT17_V1/train/0343/0343_000_01_0113morning_0833_0.jpg,/root/autodl-tmp/reid-data/msmt17/MSMT17_V1/train/0343/0343_005_07_0113morning_0676_1.jpg,0.7204011678695679,0.5391477346420288,1
msmt17,0,/root/autodl-tmp/reid-data/msmt17/MSMT17_V1/train/0256/0256_013_11_0303afternoon_0956_2.jpg,/root/autodl-tmp/reid-data/msmt17/MSMT17_V1/train/0256/0256_007_12_0303afternoon_0953_3.jpg,0.6436395645141602,0.5391477346420288,1
msmt17,0,/root/autodl-tmp/reid-data/msmt17/MSMT17_V1/train/0269/0269_024_11_0303afternoon_1198_1_ex.jpg,/root/autodl-tmp/reid-data/msmt17/MSMT17_V1/train/0269/0269_005_13_0303afternoon_1204_1_ex.jpg,0.5883124470710754,0.5391477346420288,1
msmt17,0,/root/autodl-tmp/reid-data/msmt17/MSMT17_V1/train/0386/0386_085_05_0113morning_0495_1_ex.jpg,/root/autodl-tmp/reid-data/msmt17/MSMT17_V1/train/0386/0386_048_11_0113morning_0365_0_ex.jpg,0.7235965728759766,0.5391477346420288,1
msmt17,0,/root/autodl-tmp/reid-data/msmt17/MSMT17_V1/train/0009/0009_022_05_0303morning_0126_0_ex.jpg,/root/autodl-tmp/reid-data/msmt17/MSMT17_V1/train/0009/0009_012_07_0303morning_0110_3_ex.jpg,0.5863845944404602,0.5391477346420288,1
msmt17,0,/root/autodl-tmp/reid-data/msmt17/MSMT17_V1/train/0253/0253_003_13_0303afternoon_0903_1_ex.jpg,/root/autodl-tmp/reid-data/msmt17/MSMT17_V1/train/0253/0253_012_12_0303afternoon_0896_1_ex.jpg,0.6091195344924927,0.5391477346420288,1
msmt17,0,/root/autodl-tmp/reid-data/msmt17/MSMT17_V1/train/1010/1010_021_01_0114afternoon_1636_0.jpg,/root/autodl-tmp/reid-data/msmt17/MSMT17_V1/train/1010/1010_005_14_0114afternoon_1589_3_ex.jpg,0.7561482787132263,0.5391477346420288,1
msmt17,0,/root/autodl-tmp/reid-data/msmt17/MSMT17_V1/train/0945/0945_024_14_0114afternoon_0206_1.jpg,/root/autodl-tmp/reid-data/msmt17/MSMT17_V1/train/0945/0945_003_01_0114afternoon_0207_0_ex.jpg,0.7124366164207458,0.5391477346420288,1
msmt17,0,/root/autodl-tmp/reid-data/msmt17/MSMT17_V1/train/0137/0137_028_07_0303noon_1335_2_ex.jpg,/root/autodl-tmp/reid-data/msmt17/MSMT17_V1/train/0137/0137_020_06_0303noon_1333_0_ex.jpg,0.590355634689331,0.5391477346420288,1
msmt17,0,/root/autodl-tmp/reid-data/msmt17/MSMT17_V1/train/0228/0228_010_11_0303afternoon_0340_1_ex.jpg,/root/autodl-tmp/reid-data/msmt17/MSMT17_V1/train/0228/0228_014_08_0303afternoon_0317_0_ex.jpg,0.6733407378196716,0.5391477346420288,1
msmt17,0,/root/autodl-tmp/reid-data/msmt17/MSMT17_V1/train/0239/0239_037_04_0303afternoon_0712_2_ex.jpg,/root/autodl-tmp/reid-data/msmt17/MSMT17_V1/train/0239/0239_054_05_0303afternoon_0729_0_ex.jpg,0.6351408362388611,0.5391477346420288,1
msmt17,0,/root/autodl-tmp/reid-data/msmt17/MSMT17_V1/train/0054/0054_015_05_0303morning_0847_0_ex.jpg,/root/autodl-tmp/reid-data/msmt17/MSMT17_V1/train/0054/0054_007_01_0303morning_0839_0.jpg,0.5565983653068542,0.5391477346420288,1
msmt17,0,/root/autodl-tmp/reid-data/msmt17/MSMT17_V1/train/0001/0001_066_14_0303morning_0980_0_ex.jpg,/root/autodl-tmp/reid-data/msmt17/MSMT17_V1/train/0001/0001_053_07_0303morning_0753_2.jpg,0.7482419013977051,0.5391477346420288,1
msmt17,0,/root/autodl-tmp/reid-data/msmt17/MSMT17_V1/train/0724/0724_015_05_0302afternoon_1500_0_ex.jpg,/root/autodl-tmp/reid-data/msmt17/MSMT17_V1/train/0724/0724_035_04_0302afternoon_1403_0.jpg,0.6608787178993225,0.5391477346420288,1
msmt17,0,/root/autodl-tmp/reid-data/msmt17/MSMT17_V1/train/0224/0224_021_11_0303afternoon_0217_1.jpg,/root/autodl-tmp/reid-data/msmt17/MSMT17_V1/train/0224/0224_025_08_0303afternoon_0191_0_ex.jpg,0.7332531809806824,0.5391477346420288,1
msmt17,0,/root/autodl-tmp/reid-data/msmt17/MSMT17_V1/train/0275/0275_016_11_0303afternoon_1336_0_ex.jpg,/root/autodl-tmp/reid-data/msmt17/MSMT17_V1/train/0275/0275_041_04_0303afternoon_1351_0.jpg,0.7465085387229919,0.5391477346420288,1
msmt17,0,/root/autodl-tmp/reid-data/msmt17/MSMT17_V1/train/0688/0688_043_01_0302afternoon_0585_6.jpg,/root/autodl-tmp/reid-data/msmt17/MSMT17_V1/train/0688/0688_021_03_0302afternoon_0561_3_ex.jpg,0.6703758239746094,0.5391477346420288,1
msmt17,0,/root/autodl-tmp/reid-data/msmt17/MSMT17_V1/train/0515/0515_080_04_0113afternoon_1559_0_ex.jpg,/root/autodl-tmp/reid-data/msmt17/MSMT17_V1/train/0515/0515_066_11_0113afternoon_1325_2.jpg,0.7724509835243225,0.5391477346420288,1
msmt17,0,/root/autodl-tmp/reid-data/msmt17/MSMT17_V1/train/0010/0010_008_07_0303morning_0117_0.jpg,/root/autodl-tmp/reid-data/msmt17/MSMT17_V1/train/0010/0010_026_15_0303morning_0326_0.jpg,0.6422370672225952,0.5391477346420288,1
msmt17,0,/root/autodl-tmp/reid-data/msmt17/MSMT17_V1/train/0529/0529_019_09_0113afternoon_0293_0_ex.jpg,/root/autodl-tmp/reid-data/msmt17/MSMT17_V1/train/0529/0529_007_13_0113afternoon_0331_3.jpg,0.6849384307861328,0.5391477346420288,1
msmt17,0,/root/autodl-tmp/reid-data/msmt17/MSMT17_V1/train/0532/0532_036_04_0113afternoon_0458_1_ex.jpg,/root/autodl-tmp/reid-data/msmt17/MSMT17_V1/train/0532/0532_054_07_0113afternoon_0446_0.jpg,0.6660414338111877,0.5391477346420288,1
msmt17,0,/root/autodl-tmp/reid-data/msmt17/MSMT17_V1/train/0331/0331_006_07_0113morning_0549_0.jpg,/root/autodl-tmp/reid-data/msmt17/MSMT17_V1/train/0331/0331_018_14_0113morning_0570_1.jpg,0.7190551161766052,0.5391477346420288,1
msmt17,0,/root/autodl-tmp/reid-data/msmt17/MSMT17_V1/train/0383/0383_007_07_0113morning_1725_1_ex.jpg,/root/autodl-tmp/reid-data/msmt17/MSMT17_V1/train/0383/0383_004_01_0113morning_1888_1_ex.jpg,0.6992681622505188,0.5391477346420288,1
msmt17,0,/root/autodl-tmp/reid-data/msmt17/MSMT17_V1/train/0236/0236_032_13_0302afternoon_1425_2.jpg,/root/autodl-tmp/reid-data/msmt17/MSMT17_V1/train/0236/0236_047_11_0302afternoon_1667_0.jpg,0.6213183403015137,0.5391477346420288,1
msmt17,0,/root/autodl-tmp/reid-data/msmt17/MSMT17_V1/train/0572/0572_021_05_0302morning_0310_0.jpg,/root/autodl-tmp/reid-data/msmt17/MSMT17_V1/train/0572/0572_006_01_0302morning_0094_0.jpg,0.6220598220825195,0.5391477346420288,1
msmt17,0,/root/autodl-tmp/reid-data/msmt17/MSMT17_V1/train/0505/0505_004_13_0113noon_1068_1.jpg,/root/autodl-tmp/reid-data/msmt17/MSMT17_V1/train/0505/0505_018_11_0113noon_0920_0.jpg,0.6708194613456726,0.5391477346420288,1
msmt17,0,/root/autodl-tmp/reid-data/msmt17/MSMT17_V1/train/1022/1022_011_13_0114afternoon_0249_1.jpg,/root/autodl-tmp/reid-data/msmt17/MSMT17_V1/train/1022/1022_038_10_0114afternoon_0259_0.jpg,0.6241210103034973,0.5391477346420288,1
msmt17,0,/root/autodl-tmp/reid-data/msmt17/MSMT17_V1/train/0920/0920_001_01_0114noon_1139_2_ex.jpg,/root/autodl-tmp/reid-data/msmt17/MSMT17_V1/train/0920/0920_012_05_0114noon_1761_0_ex.jpg,0.6515800952911377,0.5391477346420288,1
msmt17,0,/root/autodl-tmp/reid-data/msmt17/MSMT17_V1/train/0630/0630_124_04_0302morning_1097_0.jpg,/root/autodl-tmp/reid-data/msmt17/MSMT17_V1/train/0630/0630_095_09_0302morning_1088_0_ex.jpg,0.6415942311286926,0.5391477346420288,1
msmt17,0,/root/autodl-tmp/reid-data/msmt17/MSMT17_V1/train/0528/0528_120_07_0113afternoon_0308_0.jpg,/root/autodl-tmp/reid-data/msmt17/MSMT17_V1/train/0528/0528_015_11_0113afternoon_0033_0_ex.jpg,0.7087160348892212,0.5391477346420288,1
msmt17,0,/root/autodl-tmp/reid-data/msmt17/MSMT17_V1/train/0046/0046_013_07_0303morning_0703_0_ex.jpg,/root/autodl-tmp/reid-data/msmt17/MSMT17_V1/train/0046/0046_031_15_0303morning_0904_1_ex.jpg,0.7041159868240356,0.5391477346420288,1
msmt17,0,/root/autodl-tmp/reid-data/msmt17/MSMT17_V1/train/0075/0075_001_01_0303morning_1274_0_ex.jpg,/root/autodl-tmp/reid-data/msmt17/MSMT17_V1/train/0075/0075_025_14_0303morning_1496_0.jpg,0.6968266367912292,0.5391477346420288,1
msmt17,0,/root/autodl-tmp/reid-data/msmt17/MSMT17_V1/train/0105/0105_008_14_0303noon_0271_3.jpg,/root/autodl-tmp/reid-data/msmt17/MSMT17_V1/train/0105/0105_007_07_0303noon_0038_5.jpg,0.5691760778427124,0.5391477346420288,1
msmt17,0,/root/autodl-tmp/reid-data/msmt17/MSMT17_V1/train/0628/0628_021_06_0302morning_0669_0.jpg,/root/autodl-tmp/reid-data/msmt17/MSMT17_V1/train/0628/0628_057_07_0302morning_0795_0.jpg,0.617735743522644,0.5391477346420288,1
msmt17,0,/root/autodl-tmp/reid-data/msmt17/MSMT17_V1/train/1031/1031_026_09_0114afternoon_1129_0.jpg,/root/autodl-tmp/reid-data/msmt17/MSMT17_V1/train/1031/1031_014_11_0114afternoon_1121_0_ex.jpg,0.7798953652381897,0.5391477346420288,1
msmt17,0,/root/autodl-tmp/reid-data/msmt17/MSMT17_V1/train/0167/0167_050_01_0302afternoon_0390_1_ex.jpg,/root/autodl-tmp/reid-data/msmt17/MSMT17_V1/train/0167/0167_001_14_0303afternoon_0493_2_ex.jpg,0.6600891947746277,0.5391477346420288,1
msmt17,0,/root/autodl-tmp/reid-data/msmt17/MSMT17_V1/train/0773/0773_010_13_0302afternoon_0842_0.jpg,/root/autodl-tmp/reid-data/msmt17/MSMT17_V1/train/0773/0773_029_11_0302afternoon_1086_1.jpg,0.7283210754394531,0.5391477346420288,1
msmt17,0,/root/autodl-tmp/reid-data/msmt17/MSMT17_V1/train/0298/0298_033_09_0303afternoon_1389_1_ex.jpg,/root/autodl-tmp/reid-data/msmt17/MSMT17_V1/train/0298/0298_060_04_0303afternoon_1796_3.jpg,0.6127038598060608,0.5391477346420288,1
msmt17,0,/root/autodl-tmp/reid-data/msmt17/MSMT17_V1/train/0601/0601_014_08_0302morning_0365_0_ex.jpg,/root/autodl-tmp/reid-data/msmt17/MSMT17_V1/train/0601/0601_012_09_0302morning_0356_0_ex.jpg,0.6894478797912598,0.5391477346420288,1
msmt17,0,/root/autodl-tmp/reid-data/msmt17/MSMT17_V1/train/0527/0527_045_04_0113afternoon_0256_0.jpg,/root/autodl-tmp/reid-data/msmt17/MSMT17_V1/train/0527/0527_032_08_0113afternoon_0279_0_ex.jpg,0.6229636073112488,0.5391477346420288,1
msmt17,0,/root/autodl-tmp/reid-data/msmt17/MSMT17_V1/train/0768/0768_006_13_0302afternoon_0565_0.jpg,/root/autodl-tmp/reid-data/msmt17/MSMT17_V1/train/0768/0768_023_08_0302afternoon_0722_1.jpg,0.6091824173927307,0.5391477346420288,1
msmt17,0,/root/autodl-tmp/reid-data/msmt17/MSMT17_V1/train/0850/0850_027_14_0114morning_1438_2.jpg,/root/autodl-tmp/reid-data/msmt17/MSMT17_V1/train/0850/0850_032_15_0114morning_1398_1.jpg,0.5887401700019836,0.5391477346420288,1
msmt17,0,/root/autodl-tmp/reid-data/msmt17/MSMT17_V1/train/0946/0946_015_07_0114afternoon_0217_1.jpg,/root/autodl-tmp/reid-data/msmt17/MSMT17_V1/train/0946/0946_003_01_0114afternoon_0266_0.jpg,0.7329729199409485,0.5391477346420288,1
msmt17,0,/root/autodl-tmp/reid-data/msmt17/MSMT17_V1/train/0571/0571_030_04_0302morning_0078_0_ex.jpg,/root/autodl-tmp/reid-data/msmt17/MSMT17_V1/train/0571/0571_051_09_0302morning_0034_2.jpg,0.7027541399002075,0.5391477346420288,1
msmt17,0,/root/autodl-tmp/reid-data/msmt17/MSMT17_V1/train/0192/0192_008_07_0303afternoon_1153_0.jpg,/root/autodl-tmp/reid-data/msmt17/MSMT17_V1/train/0192/0192_014_01_0303afternoon_1201_7.jpg,0.610820472240448,0.5391477346420288,1
msmt17,0,/root/autodl-tmp/reid-data/msmt17/MSMT17_V1/train/0551/0551_015_11_0113afternoon_1011_2_ex.jpg,/root/autodl-tmp/reid-data/msmt17/MSMT17_V1/train/0551/0551_066_13_0302afternoon_1390_1.jpg,0.6736547350883484,0.5391477346420288,1
msmt17,0,/root/autodl-tmp/reid-data/msmt17/MSMT17_V1/train/0027/0027_035_14_0303afternoon_0239_0.jpg,/root/autodl-tmp/reid-data/msmt17/MSMT17_V1/train/0027/0027_058_01_0303afternoon_0239_3.jpg,0.72071772813797,0.5391477346420288,1
msmt17,0,/root/autodl-tmp/reid-data/msmt17/MSMT17_V1/train/0252/0252_012_12_0303afternoon_0894_1.jpg,/root/autodl-tmp/reid-data/msmt17/MSMT17_V1/train/0252/0252_130_06_0302afternoon_1696_0_ex.jpg,0.8262356519699097,0.5391477346420288,1
msmt17,0,/root/autodl-tmp/reid-data/msmt17/MSMT17_V1/train/0873/0873_021_11_0114morning_1027_0_ex.jpg,/root/autodl-tmp/reid-data/msmt17/MSMT17_V1/train/0873/0873_031_09_0114morning_1101_0.jpg,0.7021136283874512,0.5391477346420288,1
msmt17,0,/root/autodl-tmp/reid-data/msmt17/MSMT17_V1/train/0078/0078_003_01_0303morning_1323_1_ex.jpg,/root/autodl-tmp/reid-data/msmt17/MSMT17_V1/train/0078/0078_018_07_0303morning_1323_1.jpg,0.6472893357276917,0.5391477346420288,1
msmt17,0,/root/autodl-tmp/reid-data/msmt17/MSMT17_V1/train/0626/0626_077_05_0302morning_0586_1.jpg,/root/autodl-tmp/reid-data/msmt17/MSMT17_V1/train/0626/0626_028_09_0302morning_0318_0.jpg,0.8308371305465698,0.5391477346420288,1
msmt17,0,/root/autodl-tmp/reid-data/msmt17/MSMT17_V1/train/0234/0234_012_12_0303afternoon_0542_1.jpg,/root/autodl-tmp/reid-data/msmt17/MSMT17_V1/train/0234/0234_021_11_0303afternoon_0545_0_ex.jpg,0.6918648481369019,0.5391477346420288,1
msmt17,0,/root/autodl-tmp/reid-data/msmt17/MSMT17_V1/train/0096/0096_021_14_0303morning_1887_3_ex.jpg,/root/autodl-tmp/reid-data/msmt17/MSMT17_V1/train/0096/0096_030_15_0303morning_1869_0_ex.jpg,0.7090291380882263,0.5391477346420288,1
msmt17,0,/root/autodl-tmp/reid-data/msmt17/MSMT17_V1/train/0396/0396_001_13_0113morning_1664_0_ex.jpg,/root/autodl-tmp/reid-data/msmt17/MSMT17_V1/train/0396/0396_026_08_0113morning_1556_1.jpg,0.7004780173301697,0.5391477346420288,1
msmt17,0,/root/autodl-tmp/reid-data/msmt17/MSMT17_V1/train/0338/0338_008_05_0113morning_0653_4_ex.jpg,/root/autodl-tmp/reid-data/msmt17/MSMT17_V1/train/0338/0338_003_07_0113morning_0632_1.jpg,0.6485434770584106,0.5391477346420288,1
msmt17,0,/root/autodl-tmp/reid-data/msmt17/MSMT17_V1/train/0551/0551_083_11_0302afternoon_1632_0_ex.jpg,/root/autodl-tmp/reid-data/msmt17/MSMT17_V1/train/0551/0551_018_09_0113afternoon_1198_0.jpg,0.6591562032699585,0.5391477346420288,1
msmt17,0,/root/autodl-tmp/reid-data/msmt17/MSMT17_V1/train/0078/0078_023_05_0303morning_1339_1_ex.jpg,/root/autodl-tmp/reid-data/msmt17/MSMT17_V1/train/0078/0078_016_07_0303morning_1322_1.jpg,0.6702278256416321,0.5391477346420288,1
msmt17,0,/root/autodl-tmp/reid-data/msmt17/MSMT17_V1/train/0962/0962_035_07_0114afternoon_1533_0.jpg,/root/autodl-tmp/reid-data/msmt17/MSMT17_V1/train/0962/0962_043_01_0114afternoon_1606_3_ex.jpg,0.6750349998474121,0.5391477346420288,1
msmt17,0,/root/autodl-tmp/reid-data/msmt17/MSMT17_V1/train/0403/0403_013_11_0113noon_0230_0_ex.jpg,/root/autodl-tmp/reid-data/msmt17/MSMT17_V1/train/0403/0403_004_13_0113noon_0378_0.jpg,0.76512610912323,0.5391477346420288,1
msmt17,0,/root/autodl-tmp/reid-data/msmt17/MSMT17_V1/train/0259/0259_014_11_0303afternoon_0993_0_ex.jpg,/root/autodl-tmp/reid-data/msmt17/MSMT17_V1/train/0259/0259_001_13_0303afternoon_0995_0_ex.jpg,0.4829188585281372,0.5391477346420288,1
msmt17,0,/root/autodl-tmp/reid-data/msmt17/MSMT17_V1/train/0343/0343_013_05_0113morning_0698_0.jpg,/root/autodl-tmp/reid-data/msmt17/MSMT17_V1/train/0343/0343_025_15_0113morning_0686_0.jpg,0.6849992871284485,0.5391477346420288,1
msmt17,0,/root/autodl-tmp/reid-data/msmt17/MSMT17_V1/train/0467/0467_010_05_0113noon_0908_1.jpg,/root/autodl-tmp/reid-data/msmt17/MSMT17_V1/train/0467/0467_006_07_0113noon_0891_0.jpg,0.721294105052948,0.5391477346420288,1
msmt17,0,/root/autodl-tmp/reid-data/msmt17/MSMT17_V1/train/0095/0095_027_14_0303morning_1882_2.jpg,/root/autodl-tmp/reid-data/msmt17/MSMT17_V1/train/0095/0095_001_01_0303morning_1657_3_ex.jpg,0.6192020177841187,0.5391477346420288,1
msmt17,0,/root/autodl-tmp/reid-data/msmt17/MSMT17_V1/train/0623/0623_005_01_0302morning_0722_1_ex.jpg,/root/autodl-tmp/reid-data/msmt17/MSMT17_V1/train/0623/0623_012_07_0302morning_0837_2.jpg,0.5820295214653015,0.5391477346420288,1
msmt17,0,/root/autodl-tmp/reid-data/msmt17/MSMT17_V1/train/0093/0093_002_01_0303morning_1620_1_ex.jpg,/root/autodl-tmp/reid-data/msmt17/MSMT17_V1/train/0093/0093_021_05_0303morning_1635_1_ex.jpg,0.6746662259101868,0.5391477346420288,1
msmt17,0,/root/autodl-tmp/reid-data/msmt17/MSMT17_V1/train/1007/1007_004_14_0114afternoon_1560_2.jpg,/root/autodl-tmp/reid-data/msmt17/MSMT17_V1/train/1007/1007_016_01_0114afternoon_1605_2.jpg,0.8240017890930176,0.5391477346420288,1
msmt17,0,/root/autodl-tmp/reid-data/msmt17/MSMT17_V1/train/0388/0388_011_06_0113morning_0777_0_ex.jpg,/root/autodl-tmp/reid-data/msmt17/MSMT17_V1/train/0388/0388_018_07_0113morning_0758_4.jpg,0.6130049824714661,0.5391477346420288,1
msmt17,0,/root/autodl-tmp/reid-data/msmt17/MSMT17_V1/train/0785/0785_002_13_0302afternoon_1197_2.jpg,/root/autodl-tmp/reid-data/msmt17/MSMT17_V1/train/0785/0785_017_08_0302afternoon_1353_0_ex.jpg,0.6111464500427246,0.5391477346420288,1
msmt17,0,/root/autodl-tmp/reid-data/msmt17/MSMT17_V1/train/0557/0557_019_09_0113afternoon_1500_2_ex.jpg,/root/autodl-tmp/reid-data/msmt17/MSMT17_V1/train/0557/0557_038_08_0113afternoon_1575_0.jpg,0.773667573928833,0.5391477346420288,1
msmt17,0,/root/autodl-tmp/reid-data/msmt17/MSMT17_V1/train/0131/0131_000_13_0303noon_0833_2.jpg,/root/autodl-tmp/reid-data/msmt17/MSMT17_V1/train/0131/0131_011_11_0303noon_0832_0_ex.jpg,0.688235342502594,0.5391477346420288,1
msmt17,0,/root/autodl-tmp/reid-data/msmt17/MSMT17_V1/train/0627/0627_075_04_0302noon_0551_0_ex.jpg,/root/autodl-tmp/reid-data/msmt17/MSMT17_V1/train/0627/0627_097_07_0302noon_0552_3_ex.jpg,0.7170625329017639,0.5391477346420288,1
msmt17,0,/root/autodl-tmp/reid-data/msmt17/MSMT17_V1/train/0084/0084_009_07_0303morning_1462_3_ex.jpg,/root/autodl-tmp/reid-data/msmt17/MSMT17_V1/train/0084/0084_021_14_0303morning_1692_1.jpg,0.7466903924942017,0.5391477346420288,1
msmt17,0,/root/autodl-tmp/reid-data/msmt17/MSMT17_V1/train/1040/1040_043_09_0302morning_0111_0_ex.jpg,/root/autodl-tmp/reid-data/msmt17/MSMT17_V1/train/1040/1040_208_06_0302morning_0239_2.jpg,0.6879143714904785,0.5391477346420288,1
msmt17,0,/root/autodl-tmp/reid-data/msmt17/MSMT17_V1/train/0773/0773_006_13_0302afternoon_0840_0.jpg,/root/autodl-tmp/reid-data/msmt17/MSMT17_V1/train/0773/0773_021_11_0302afternoon_1082_0.jpg,0.562840461730957,0.5391477346420288,1
msmt17,0,/root/autodl-tmp/reid-data/msmt17/MSMT17_V1/train/1035/1035_053_04_0114afternoon_1546_0.jpg,/root/autodl-tmp/reid-data/msmt17/MSMT17_V1/train/1035/1035_006_13_0114afternoon_1549_0.jpg,0.7420366406440735,0.5391477346420288,1
msmt17,0,/root/autodl-tmp/reid-data/msmt17/MSMT17_V1/train/0528/0528_069_04_0113afternoon_0301_0.jpg,/root/autodl-tmp/reid-data/msmt17/MSMT17_V1/train/0528/0528_001_12_0113afternoon_0139_2_ex.jpg,0.6822147965431213,0.5391477346420288,1
msmt17,0,/root/autodl-tmp/reid-data/msmt17/MSMT17_V1/train/0336/0336_005_01_0113morning_0780_0.jpg,/root/autodl-tmp/reid-data/msmt17/MSMT17_V1/train/0336/0336_012_05_0113morning_0651_1.jpg,0.6367044448852539,0.5391477346420288,1
msmt17,0,/root/autodl-tmp/reid-data/msmt17/MSMT17_V1/train/0770/0770_014_12_0302afternoon_0910_0.jpg,/root/autodl-tmp/reid-data/msmt17/MSMT17_V1/train/0770/0770_005_13_0302afternoon_0683_1_ex.jpg,0.6887345314025879,0.5391477346420288,1
msmt17,0,/root/autodl-tmp/reid-data/msmt17/MSMT17_V1/train/0300/0300_002_13_0303afternoon_1829_0.jpg,/root/autodl-tmp/reid-data/msmt17/MSMT17_V1/train/0300/0300_016_11_0303afternoon_1826_1_ex.jpg,0.7068732976913452,0.5391477346420288,1
msmt17,0,/root/autodl-tmp/reid-data/msmt17/MSMT17_V1/train/0838/0838_020_05_0114morning_1074_0_ex.jpg,/root/autodl-tmp/reid-data/msmt17/MSMT17_V1/train/0838/0838_033_15_0114morning_1128_0.jpg,0.6251702904701233,0.5391477346420288,1
msmt17,0,/root/autodl-tmp/reid-data/msmt17/MSMT17_V1/train/0219/0219_001_14_0303afternoon_1559_0_ex.jpg,/root/autodl-tmp/reid-data/msmt17/MSMT17_V1/train/0219/0219_023_07_0303afternoon_1773_2_ex.jpg,0.805195689201355,0.5391477346420288,1
msmt17,0,/root/autodl-tmp/reid-data/msmt17/MSMT17_V1/train/0389/0389_097_06_0113morning_0974_0_ex.jpg,/root/autodl-tmp/reid-data/msmt17/MSMT17_V1/train/0389/0389_028_07_0113morning_0871_2_ex.jpg,0.67896568775177,0.5391477346420288,1
msmt17,0,/root/autodl-tmp/reid-data/msmt17/MSMT17_V1/train/0943/0943_001_12_0114noon_1838_0.jpg,/root/autodl-tmp/reid-data/msmt17/MSMT17_V1/train/0943/0943_036_13_0114noon_1856_0.jpg,0.6002028584480286,0.5391477346420288,1
msmt17,0,/root/autodl-tmp/reid-data/msmt17/MSMT17_V1/train/0252/0252_015_12_0303afternoon_0895_0_ex.jpg,/root/autodl-tmp/reid-data/msmt17/MSMT17_V1/train/0252/0252_049_06_0303afternoon_0922_2.jpg,0.8006299734115601,0.5391477346420288,1
msmt17,0,/root/autodl-tmp/reid-data/msmt17/MSMT17_V1/train/1037/1037_082_15_0114afternoon_1718_0.jpg,/root/autodl-tmp/reid-data/msmt17/MSMT17_V1/train/1037/1037_052_04_0114afternoon_1700_0_ex.jpg,0.7418243885040283,0.5391477346420288,1
msmt17,0,/root/autodl-tmp/reid-data/msmt17/MSMT17_V1/train/0929/0929_042_04_0114noon_0600_0_ex.jpg,/root/autodl-tmp/reid-data/msmt17/MSMT17_V1/train/0929/0929_054_05_0114noon_0751_4.jpg,0.6529459953308105,0.5391477346420288,1
msmt17,0,/root/autodl-tmp/reid-data/msmt17/MSMT17_V1/train/0496/0496_032_11_0113noon_0662_0_ex.jpg,/root/autodl-tmp/reid-data/msmt17/MSMT17_V1/train/0496/0496_007_13_0113noon_0807_1_ex.jpg,0.7097240090370178,0.5391477346420288,1
msmt17,0,/root/autodl-tmp/reid-data/msmt17/MSMT17_V1/train/0496/0496_004_13_0113noon_0806_1.jpg,/root/autodl-tmp/reid-data/msmt17/MSMT17_V1/train/0496/0496_047_11_0113noon_0672_0.jpg,0.79840487241745,0.5391477346420288,1
msmt17,0,/root/autodl-tmp/reid-data/msmt17/MSMT17_V1/train/0679/0679_000_14_0302afternoon_0283_1.jpg,/root/autodl-tmp/reid-data/msmt17/MSMT17_V1/train/0679/0679_024_01_0302afternoon_0316_1_ex.jpg,0.7181588411331177,0.5391477346420288,1
msmt17,0,/root/autodl-tmp/reid-data/msmt17/MSMT17_V1/train/0757/0757_005_01_0302afternoon_0704_7.jpg,/root/autodl-tmp/reid-data/msmt17/MSMT17_V1/train/0757/0757_007_07_0302afternoon_0683_0.jpg,0.7178637385368347,0.5391477346420288,1
msmt17,0,/root/autodl-tmp/reid-data/msmt17/MSMT17_V1/train/0434/0434_018_14_0113noon_0514_2.jpg,/root/autodl-tmp/reid-data/msmt17/MSMT17_V1/train/0434/0434_016_05_0113noon_0538_2.jpg,0.7022860646247864,0.5391477346420288,1
msmt17,0,/root/autodl-tmp/reid-data/msmt17/MSMT17_V1/train/0175/0175_016_01_0303afternoon_0653_0.jpg,/root/autodl-tmp/reid-data/msmt17/MSMT17_V1/train/0175/0175_004_14_0303afternoon_0662_0.jpg,0.7009615302085876,0.5391477346420288,1
msmt17,0,/root/autodl-tmp/reid-data/msmt17/MSMT17_V1/train/0122/0122_012_11_0303noon_0421_1_ex.jpg,/root/autodl-tmp/reid-data/msmt17/MSMT17_V1/train/0122/0122_005_13_0303noon_0425_2_ex.jpg,0.6690575480461121,0.5391477346420288,1
msmt17,0,/root/autodl-tmp/reid-data/msmt17/MSMT17_V1/train/0689/0689_009_14_0302afternoon_0566_0.jpg,/root/autodl-tmp/reid-data/msmt17/MSMT17_V1/train/0689/0689_036_04_0302afternoon_0499_1.jpg,0.6598489284515381,0.5391477346420288,1
msmt17,0,/root/autodl-tmp/reid-data/msmt17/MSMT17_V1/train/0825/0825_013_05_0114morning_0829_0_ex.jpg,/root/autodl-tmp/reid-data/msmt17/MSMT17_V1/train/0825/0825_008_07_0114morning_0809_3.jpg,0.6697558760643005,0.5391477346420288,1
msmt17,0,/root/autodl-tmp/reid-data/msmt17/MSMT17_V1/train/0175/0175_011_07_0303afternoon_0632_1.jpg,/root/autodl-tmp/reid-data/msmt17/MSMT17_V1/train/0175/0175_013_01_0303afternoon_0650_5_ex.jpg,0.6294704079627991,0.5391477346420288,1
msmt17,0,/root/autodl-tmp/reid-data/msmt17/MSMT17_V1/train/0572/0572_002_01_0302morning_0089_1_ex.jpg,/root/autodl-tmp/reid-data/msmt17/MSMT17_V1/train/0572/0572_023_14_0302morning_0046_4.jpg,0.6383722424507141,0.5391477346420288,1
msmt17,0,/root/autodl-tmp/reid-data/msmt17/MSMT17_V1/train/0396/0396_008_13_0113morning_1668_4.jpg,/root/autodl-tmp/reid-data/msmt17/MSMT17_V1/train/0396/0396_034_09_0113morning_1577_1_ex.jpg,0.6545141339302063,0.5391477346420288,1
msmt17,0,/root/autodl-tmp/reid-data/msmt17/MSMT17_V1/train/0233/0233_004_13_0303afternoon_0509_2.jpg,/root/autodl-tmp/reid-data/msmt17/MSMT17_V1/train/0233/0233_017_11_0303afternoon_0512_0.jpg,0.5909764170646667,0.5391477346420288,1
msmt17,0,/root/autodl-tmp/reid-data/msmt17/MSMT17_V1/train/0286/0286_024_07_0303afternoon_1541_1.jpg,/root/autodl-tmp/reid-data/msmt17/MSMT17_V1/train/0286/0286_012_06_0303afternoon_1568_2_ex.jpg,0.7768022418022156,0.5391477346420288,1
msmt17,0,/root/autodl-tmp/reid-data/msmt17/MSMT17_V1/train/0770/0770_001_13_0302afternoon_0681_0_ex.jpg,/root/autodl-tmp/reid-data/msmt17/MSMT17_V1/train/0770/0770_019_11_0302afternoon_0926_2.jpg,0.6810062527656555,0.5391477346420288,1
msmt17,0,/root/autodl-tmp/reid-data/msmt17/MSMT17_V1/train/0654/0654_049_15_0302noon_1029_0.jpg,/root/autodl-tmp/reid-data/msmt17/MSMT17_V1/train/0654/0654_036_05_0302noon_0907_2.jpg,0.6486886143684387,0.5391477346420288,1
msmt17,0,/root/autodl-tmp/reid-data/msmt17/MSMT17_V1/train/0794/0794_011_12_0302afternoon_1614_4.jpg,/root/autodl-tmp/reid-data/msmt17/MSMT17_V1/train/0794/0794_066_14_0302afternoon_1756_5.jpg,0.7059420347213745,0.5391477346420288,1
msmt17,0,/root/autodl-tmp/reid-data/msmt17/MSMT17_V1/train/0034/0034_007_07_0303morning_0496_0_ex.jpg,/root/autodl-tmp/reid-data/msmt17/MSMT17_V1/train/0034/0034_002_01_0303morning_0500_0.jpg,0.6356878876686096,0.5391477346420288,1
msmt17,0,/root/autodl-tmp/reid-data/msmt17/MSMT17_V1/train/0529/0529_050_07_0113afternoon_0306_3_ex.jpg,/root/autodl-tmp/reid-data/msmt17/MSMT17_V1/train/0529/0529_081_14_0113afternoon_0341_0_ex.jpg,0.6078989505767822,0.5391477346420288,1
msmt17,0,/root/autodl-tmp/reid-data/msmt17/MSMT17_V1/train/1037/1037_048_04_0114afternoon_1698_0_ex.jpg,/root/autodl-tmp/reid-data/msmt17/MSMT17_V1/train/1037/1037_061_07_0114afternoon_1709_0.jpg,0.7700977325439453,0.5391477346420288,1
msmt17,0,/root/autodl-tmp/reid-data/msmt17/MSMT17_V1/train/0551/0551_037_04_0113afternoon_1241_0_ex.jpg,/root/autodl-tmp/reid-data/msmt17/MSMT17_V1/train/0551/0551_009_11_0113afternoon_1008_0.jpg,0.7303744554519653,0.5391477346420288,1
msmt17,0,/root/autodl-tmp/reid-data/msmt17/MSMT17_V1/train/0056/0056_003_01_0303morning_0894_1_ex.jpg,/root/autodl-tmp/reid-data/msmt17/MSMT17_V1/train/0056/0056_029_15_0303morning_1106_0.jpg,0.6355264782905579,0.5391477346420288,1
msmt17,0,/root/autodl-tmp/reid-data/msmt17/MSMT17_V1/train/0260/0260_002_13_0303afternoon_1031_0.jpg,/root/autodl-tmp/reid-data/msmt17/MSMT17_V1/train/0260/0260_013_11_0303afternoon_1026_1_ex.jpg,0.7510141730308533,0.5391477346420288,1
msmt17,0,/root/autodl-tmp/reid-data/msmt17/MSMT17_V1/train/0699/0699_029_01_0302afternoon_0874_4.jpg,/root/autodl-tmp/reid-data/msmt17/MSMT17_V1/train/0699/0699_007_14_0302afternoon_0824_1_ex.jpg,0.6554569602012634,0.5391477346420288,1
msmt17,0,/root/autodl-tmp/reid-data/msmt17/MSMT17_V1/train/0116/0116_001_13_0303noon_0171_1_ex.jpg,/root/autodl-tmp/reid-data/msmt17/MSMT17_V1/train/0116/0116_011_10_0303noon_0337_0.jpg,0.625458300113678,0.5391477346420288,1
msmt17,0,/root/autodl-tmp/reid-data/msmt17/MSMT17_V1/train/0475/0475_015_14_0113noon_1004_2.jpg,/root/autodl-tmp/reid-data/msmt17/MSMT17_V1/train/0475/0475_012_05_0113noon_1031_3.jpg,0.6407828330993652,0.5391477346420288,1
msmt17,0,/root/autodl-tmp/reid-data/msmt17/MSMT17_V1/train/0275/0275_042_04_0303afternoon_1351_0_ex.jpg,/root/autodl-tmp/reid-data/msmt17/MSMT17_V1/train/0275/0275_074_05_0303afternoon_1376_0.jpg,0.7217974066734314,0.5391477346420288,1
msmt17,0,/root/autodl-tmp/reid-data/msmt17/MSMT17_V1/train/0404/0404_016_10_0113noon_0471_0_ex.jpg,/root/autodl-tmp/reid-data/msmt17/MSMT17_V1/train/0509/0509_068_08_0114noon_0912_1_ex.jpg,0.7028061747550964,0.5391477346420288,0
msmt17,0,/root/autodl-tmp/reid-data/msmt17/MSMT17_V1/train/0204/0204_000_14_0303afternoon_1268_0.jpg,/root/autodl-tmp/reid-data/msmt17/MSMT17_V1/train/0900/0900_010_05_0114noon_1275_1.jpg,0.6356081962585449,0.5391477346420288,0
msmt17,0,/root/autodl-tmp/reid-data/msmt17/MSMT17_V1/train/0316/0316_003_01_0113morning_0500_1.jpg,/root/autodl-tmp/reid-data/msmt17/MSMT17_V1/train/0361/0361_005_07_0113morning_0961_0.jpg,0.6713228821754456,0.5391477346420288,0
msmt17,0,/root/autodl-tmp/reid-data/msmt17/MSMT17_V1/train/0509/0509_002_13_0113noon_1108_7_ex.jpg,/root/autodl-tmp/reid-data/msmt17/MSMT17_V1/train/0524/0524_010_11_0113noon_1650_1_ex.jpg,0.7834125757217407,0.5391477346420288,0
msmt17,0,/root/autodl-tmp/reid-data/msmt17/MSMT17_V1/train/0040/0040_016_15_0303morning_0796_1.jpg,/root/autodl-tmp/reid-data/msmt17/MSMT17_V1/train/1013/1013_003_14_0114afternoon_1650_0_ex.jpg,0.6122192740440369,0.5391477346420288,0
msmt17,0,/root/autodl-tmp/reid-data/msmt17/MSMT17_V1/train/0284/0284_000_13_0303afternoon_1497_3.jpg,/root/autodl-tmp/reid-data/msmt17/MSMT17_V1/train/0507/0507_010_11_0113noon_0953_1.jpg,0.6826797723770142,0.5391477346420288,0
msmt17,0,/root/autodl-tmp/reid-data/msmt17/MSMT17_V1/train/0119/0119_167_06_0303afternoon_0501_0_ex.jpg,/root/autodl-tmp/reid-data/msmt17/MSMT17_V1/train/0171/0171_007_05_0303afternoon_0588_0.jpg,0.632354736328125,0.5391477346420288,0
msmt17,0,/root/autodl-tmp/reid-data/msmt17/MSMT17_V1/train/0576/0576_012_01_0302morning_0137_1_ex.jpg,/root/autodl-tmp/reid-data/msmt17/MSMT17_V1/train/0621/0621_010_07_0302morning_0797_1.jpg,0.7501785755157471,0.5391477346420288,0
msmt17,0,/root/autodl-tmp/reid-data/msmt17/MSMT17_V1/train/0260/0260_005_13_0303afternoon_1032_0_ex.jpg,/root/autodl-tmp/reid-data/msmt17/MSMT17_V1/train/1039/1039_028_10_0113morning_0800_1.jpg,0.5220027565956116,0.5391477346420288,0
msmt17,0,/root/autodl-tmp/reid-data/msmt17/MSMT17_V1/train/0575/0575_002_01_0302morning_0108_0.jpg,/root/autodl-tmp/reid-data/msmt17/MSMT17_V1/train/0814/0814_003_07_0114morning_0502_2.jpg,0.6567720770835876,0.5391477346420288,0
msmt17,0,/root/autodl-tmp/reid-data/msmt17/MSMT17_V1/train/0400/0400_015_08_0113noon_0358_0.jpg,/root/autodl-tmp/reid-data/msmt17/MSMT17_V1/train/0564/0564_008_09_0113afternoon_1692_1.jpg,0.5744668841362,0.5391477346420288,0
msmt17,0,/root/autodl-tmp/reid-data/msmt17/MSMT17_V1/train/0054/0054_001_01_0303morning_0834_3_ex.jpg,/root/autodl-tmp/reid-data/msmt17/MSMT17_V1/train/0571/0571_022_04_0302morning_0074_1_ex.jpg,0.6314316987991333,0.5391477346420288,0
msmt17,0,/root/autodl-tmp/reid-data/msmt17/MSMT17_V1/train/0563/0563_031_06_0113afternoon_1696_0_ex.jpg,/root/autodl-tmp/reid-data/msmt17/MSMT17_V1/train/1033/1033_071_01_0114afternoon_1409_6_ex.jpg,0.5573567748069763,0.5391477346420288,0
msmt17,0,/root/autodl-tmp/reid-data/msmt17/MSMT17_V1/train/0874/0874_014_11_0114morning_1224_0_ex.jpg,/root/autodl-tmp/reid-data/msmt17/MSMT17_V1/train/0940/0940_010_13_0114noon_1566_2.jpg,0.5989343523979187,0.5391477346420288,0
msmt17,0,/root/autodl-tmp/reid-data/msmt17/MSMT17_V1/train/0563/0563_036_03_0113afternoon_1746_0.jpg,/root/autodl-tmp/reid-data/msmt17/MSMT17_V1/train/1033/1033_069_01_0114afternoon_1408_6_ex.jpg,0.609857439994812,0.5391477346420288,0
msmt17,0,/root/autodl-tmp/reid-data/msmt17/MSMT17_V1/train/0434/0434_003_01_0113noon_0519_3_ex.jpg,/root/autodl-tmp/reid-data/msmt17/MSMT17_V1/train/0621/0621_010_07_0302morning_0797_1.jpg,0.639942467212677,0.5391477346420288,0
msmt17,0,/root/autodl-tmp/reid-data/msmt17/MSMT17_V1/train/0110/0110_006_13_0303noon_0035_1.jpg,/root/autodl-tmp/reid-data/msmt17/MSMT17_V1/train/0935/0935_012_11_0114noon_1111_3.jpg,0.5804197192192078,0.5391477346420288,0
msmt17,0,/root/autodl-tmp/reid-data/msmt17/MSMT17_V1/train/0571/0571_052_09_0302morning_0034_2_ex.jpg,/root/autodl-tmp/reid-data/msmt17/MSMT17_V1/train/0579/0579_005_01_0302morning_0181_5_ex.jpg,0.6460058689117432,0.5391477346420288,0
msmt17,0,/root/autodl-tmp/reid-data/msmt17/MSMT17_V1/train/0605/0605_026_05_0302morning_0681_1.jpg,/root/autodl-tmp/reid-data/msmt17/MSMT17_V1/train/0730/0730_007_01_0302afternoon_1677_3.jpg,0.5441946387290955,0.5391477346420288,0
msmt17,0,/root/autodl-tmp/reid-data/msmt17/MSMT17_V1/train/0412/0412_000_01_0113noon_0237_6.jpg,/root/autodl-tmp/reid-data/msmt17/MSMT17_V1/train/0611/0611_010_04_0302morning_0514_1.jpg,0.615276038646698,0.5391477346420288,0
msmt17,0,/root/autodl-tmp/reid-data/msmt17/MSMT17_V1/train/0622/0622_004_01_0302morning_0697_3_ex.jpg,/root/autodl-tmp/reid-data/msmt17/MSMT17_V1/train/0993/0993_005_05_0114afternoon_1231_1.jpg,0.5556014776229858,0.5391477346420288,0
msmt17,0,/root/autodl-tmp/reid-data/msmt17/MSMT17_V1/train/0291/0291_035_07_0303afternoon_1633_2_ex.jpg,/root/autodl-tmp/reid-data/msmt17/MSMT17_V1/train/0786/0786_051_14_0302afternoon_1576_0.jpg,0.6400745511054993,0.5391477346420288,0
msmt17,0,/root/autodl-tmp/reid-data/msmt17/MSMT17_V1/train/0124/0124_015_08_0303noon_0676_0.jpg,/root/autodl-tmp/reid-data/msmt17/MSMT17_V1/train/0870/0870_005_13_0114morning_0646_1_ex.jpg,0.6190668344497681,0.5391477346420288,0
msmt17,0,/root/autodl-tmp/reid-data/msmt17/MSMT17_V1/train/0386/0386_013_13_0113morning_0461_0_ex.jpg,/root/autodl-tmp/reid-data/msmt17/MSMT17_V1/train/0392/0392_006_11_0113morning_1215_4_ex.jpg,0.6289921998977661,0.5391477346420288,0
msmt17,0,/root/autodl-tmp/reid-data/msmt17/MSMT17_V1/train/0573/0573_018_01_0302morning_0154_0.jpg,/root/autodl-tmp/reid-data/msmt17/MSMT17_V1/train/0628/0628_026_06_0302morning_0671_0_ex.jpg,0.6748620271682739,0.5391477346420288,0
msmt17,0,/root/autodl-tmp/reid-data/msmt17/MSMT17_V1/train/0509/0509_036_04_0113noon_1051_2_ex.jpg,/root/autodl-tmp/reid-data/msmt17/MSMT17_V1/train/0642/0642_001_13_0302noon_0282_2_ex.jpg,0.6083465814590454,0.5391477346420288,0
msmt17,0,/root/autodl-tmp/reid-data/msmt17/MSMT17_V1/train/0306/0306_005_07_0113morning_0168_2.jpg,/root/autodl-tmp/reid-data/msmt17/MSMT17_V1/train/0992/0992_017_01_0114afternoon_1273_0.jpg,0.6102738380432129,0.5391477346420288,0
msmt17,0,/root/autodl-tmp/reid-data/msmt17/MSMT17_V1/train/0243/0243_012_11_0303afternoon_0768_3_ex.jpg,/root/autodl-tmp/reid-data/msmt17/MSMT17_V1/train/0934/0934_009_13_0114noon_1054_0.jpg,0.5773677229881287,0.5391477346420288,0
msmt17,0,/root/autodl-tmp/reid-data/msmt17/MSMT17_V1/train/0590/0590_008_07_0302morning_0406_0.jpg,/root/autodl-tmp/reid-data/msmt17/MSMT17_V1/train/0660/0660_042_06_0302noon_0804_0_ex.jpg,0.6746970415115356,0.5391477346420288,0
msmt17,0,/root/autodl-tmp/reid-data/msmt17/MSMT17_V1/train/0429/0429_008_05_0113noon_0486_0_ex.jpg,/root/autodl-tmp/reid-data/msmt17/MSMT17_V1/train/0539/0539_093_14_0113afternoon_0772_2_ex.jpg,0.6536804437637329,0.5391477346420288,0
msmt17,0,/root/autodl-tmp/reid-data/msmt17/MSMT17_V1/train/0193/0193_015_01_0303afternoon_1211_0_ex.jpg,/root/autodl-tmp/reid-data/msmt17/MSMT17_V1/train/0679/0679_019_03_0302afternoon_0328_0.jpg,0.7371030449867249,0.5391477346420288,0
msmt17,0,/root/autodl-tmp/reid-data/msmt17/MSMT17_V1/train/0520/0520_012_06_0113noon_1548_1.jpg,/root/autodl-tmp/reid-data/msmt17/MSMT17_V1/train/0695/0695_008_03_0302afternoon_0754_0.jpg,0.6556318998336792,0.5391477346420288,0
msmt17,0,/root/autodl-tmp/reid-data/msmt17/MSMT17_V1/train/0335/0335_004_14_0113morning_0617_1_ex.jpg,/root/autodl-tmp/reid-data/msmt17/MSMT17_V1/train/0930/0930_035_10_0114noon_0877_1_ex.jpg,0.5907228589057922,0.5391477346420288,0
msmt17,0,/root/autodl-tmp/reid-data/msmt17/MSMT17_V1/train/0025/0025_022_14_0303morning_0600_1.jpg,/root/autodl-tmp/reid-data/msmt17/MSMT17_V1/train/0525/0525_026_08_0113noon_1875_2.jpg,0.5007795095443726,0.5391477346420288,0
msmt17,0,/root/autodl-tmp/reid-data/msmt17/MSMT17_V1/train/0799/0799_032_14_0114morning_0177_0_ex.jpg,/root/autodl-tmp/reid-data/msmt17/MSMT17_V1/train/0946/0946_032_01_0114afternoon_0428_6.jpg,0.6495189070701599,0.5391477346420288,0
msmt17,0,/root/autodl-tmp/reid-data/msmt17/MSMT17_V1/train/0872/0872_007_13_0114morning_1052_1.jpg,/root/autodl-tmp/reid-data/msmt17/MSMT17_V1/train/0989/0989_031_12_0114afternoon_1163_2_ex.jpg,0.6659948229789734,0.5391477346420288,0
msmt17,0,/root/autodl-tmp/reid-data/msmt17/MSMT17_V1/train/0487/0487_053_05_0113noon_0595_1_ex.jpg,/root/autodl-tmp/reid-data/msmt17/MSMT17_V1/train/0609/0609_011_14_0302morning_0338_3.jpg,0.7060688138008118,0.5391477346420288,0
msmt17,0,/root/autodl-tmp/reid-data/msmt17/MSMT17_V1/train/0167/0167_010_14_0303afternoon_0498_2.jpg,/root/autodl-tmp/reid-data/msmt17/MSMT17_V1/train/0712/0712_021_07_0302afternoon_1227_1.jpg,0.6631003618240356,0.5391477346420288,0
msmt17,0,/root/autodl-tmp/reid-data/msmt17/MSMT17_V1/train/0109/0109_018_10_0303noon_0182_0_ex.jpg,/root/autodl-tmp/reid-data/msmt17/MSMT17_V1/train/0737/0737_012_07_0302afternoon_0208_1.jpg,0.531120777130127,0.5391477346420288,0
msmt17,0,/root/autodl-tmp/reid-data/msmt17/MSMT17_V1/train/0083/0083_010_05_0303morning_1451_1.jpg,/root/autodl-tmp/reid-data/msmt17/MSMT17_V1/train/0776/0776_044_14_0302afternoon_1290_2.jpg,0.5668812394142151,0.5391477346420288,0
msmt17,0,/root/autodl-tmp/reid-data/msmt17/MSMT17_V1/train/0299/0299_044_04_0303afternoon_1796_1_ex.jpg,/root/autodl-tmp/reid-data/msmt17/MSMT17_V1/train/0829/0829_033_15_0114morning_0908_2.jpg,0.634346604347229,0.5391477346420288,0
msmt17,0,/root/autodl-tmp/reid-data/msmt17/MSMT17_V1/train/0143/0143_006_13_0303noon_1647_1.jpg,/root/autodl-tmp/reid-data/msmt17/MSMT17_V1/train/0761/0761_025_11_0302afternoon_0154_3_ex.jpg,0.7273468971252441,0.5391477346420288,0
msmt17,0,/root/autodl-tmp/reid-data/msmt17/MSMT17_V1/train/0044/0044_006_05_0303morning_0699_0_ex.jpg,/root/autodl-tmp/reid-data/msmt17/MSMT17_V1/train/0072/0072_003_01_0303morning_1205_0_ex.jpg,0.6736047863960266,0.5391477346420288,0
msmt17,0,/root/autodl-tmp/reid-data/msmt17/MSMT17_V1/train/0363/0363_013_14_0113morning_1020_3_ex.jpg,/root/autodl-tmp/reid-data/msmt17/MSMT17_V1/train/0881/0881_009_07_0114noon_0247_0.jpg,0.6214379072189331,0.5391477346420288,0
msmt17,0,/root/autodl-tmp/reid-data/msmt17/MSMT17_V1/train/0065/0065_006_05_0303morning_1069_1_ex.jpg,/root/autodl-tmp/reid-data/msmt17/MSMT17_V1/train/0218/0218_004_14_0303afternoon_1534_4.jpg,0.5737851858139038,0.5391477346420288,0
msmt17,0,/root/autodl-tmp/reid-data/msmt17/MSMT17_V1/train/0001/0001_014_01_0303morning_0037_2_ex.jpg,/root/autodl-tmp/reid-data/msmt17/MSMT17_V1/train/0810/0810_003_05_0114morning_0401_1_ex.jpg,0.6045534610748291,0.5391477346420288,0
msmt17,0,/root/autodl-tmp/reid-data/msmt17/MSMT17_V1/train/0472/0472_001_01_0113noon_0982_1_ex.jpg,/root/autodl-tmp/reid-data/msmt17/MSMT17_V1/train/0618/0618_020_05_0302morning_0821_2.jpg,0.6334593296051025,0.5391477346420288,0
msmt17,0,/root/autodl-tmp/reid-data/msmt17/MSMT17_V1/train/0119/0119_368_09_0302morning_0036_2_ex.jpg,/root/autodl-tmp/reid-data/msmt17/MSMT17_V1/train/0409/0409_001_01_0113noon_0215_0_ex.jpg,0.6931180953979492,0.5391477346420288,0
msmt17,0,/root/autodl-tmp/reid-data/msmt17/MSMT17_V1/train/0868/0868_002_13_0114morning_0172_0.jpg,/root/autodl-tmp/reid-data/msmt17/MSMT17_V1/train/0926/0926_021_09_0114noon_0620_1_ex.jpg,0.6375508904457092,0.5391477346420288,0
msmt17,0,/root/autodl-tmp/reid-data/msmt17/MSMT17_V1/train/0398/0398_011_10_0113noon_0259_0.jpg,/root/autodl-tmp/reid-data/msmt17/MSMT17_V1/train/0571/0571_000_01_0302morning_0062_5.jpg,0.5910487174987793,0.5391477346420288,0
msmt17,0,/root/autodl-tmp/reid-data/msmt17/MSMT17_V1/train/0259/0259_037_04_0303afternoon_1003_2_ex.jpg,/root/autodl-tmp/reid-data/msmt17/MSMT17_V1/train/0893/0893_007_05_0114noon_1128_3_ex.jpg,0.626405656337738,0.5391477346420288,0
msmt17,0,/root/autodl-tmp/reid-data/msmt17/MSMT17_V1/train/0061/0061_002_01_0303morning_1013_0.jpg,/root/autodl-tmp/reid-data/msmt17/MSMT17_V1/train/0939/0939_031_10_0114noon_1544_0.jpg,0.5892776846885681,0.5391477346420288,0
msmt17,0,/root/autodl-tmp/reid-data/msmt17/MSMT17_V1/train/0047/0047_006_01_0303morning_0722_4.jpg,/root/autodl-tmp/reid-data/msmt17/MSMT17_V1/train/0569/0569_017_05_0302morning_0258_2.jpg,0.5571401119232178,0.5391477346420288,0
msmt17,0,/root/autodl-tmp/reid-data/msmt17/MSMT17_V1/train/0512/0512_009_12_0113noon_1106_0.jpg,/root/autodl-tmp/reid-data/msmt17/MSMT17_V1/train/0630/0630_030_13_0302morning_1118_0.jpg,0.6513714790344238,0.5391477346420288,0
msmt17,0,/root/autodl-tmp/reid-data/msmt17/MSMT17_V1/train/0881/0881_016_05_0114noon_0286_0_ex.jpg,/root/autodl-tmp/reid-data/msmt17/MSMT17_V1/train/0995/0995_001_14_0114afternoon_1283_0_ex.jpg,0.714505672454834,0.5391477346420288,0
msmt17,0,/root/autodl-tmp/reid-data/msmt17/MSMT17_V1/train/0542/0542_027_06_0113afternoon_0925_0_ex.jpg,/root/autodl-tmp/reid-data/msmt17/MSMT17_V1/train/0937/0937_036_04_0114noon_1097_1.jpg,0.6287038326263428,0.5391477346420288,0
msmt17,0,/root/autodl-tmp/reid-data/msmt17/MSMT17_V1/train/0614/0614_005_07_0302morning_0657_0.jpg,/root/autodl-tmp/reid-data/msmt17/MSMT17_V1/train/0991/0991_003_05_0114afternoon_1204_3.jpg,0.6017783284187317,0.5391477346420288,0
msmt17,0,/root/autodl-tmp/reid-data/msmt17/MSMT17_V1/train/0298/0298_053_04_0303afternoon_1790_0_ex.jpg,/root/autodl-tmp/reid-data/msmt17/MSMT17_V1/train/0937/0937_026_07_0114noon_1201_1_ex.jpg,0.6133805513381958,0.5391477346420288,0
msmt17,0,/root/autodl-tmp/reid-data/msmt17/MSMT17_V1/train/0886/0886_002_07_0114noon_0323_1.jpg,/root/autodl-tmp/reid-data/msmt17/MSMT17_V1/train/0974/0974_000_14_0114afternoon_0864_1.jpg,0.7045668363571167,0.5391477346420288,0
msmt17,0,/root/autodl-tmp/reid-data/msmt17/MSMT17_V1/train/0373/0373_021_13_0113morning_1305_1.jpg,/root/autodl-tmp/reid-data/msmt17/MSMT17_V1/train/0660/0660_025_09_0302noon_1077_0.jpg,0.609893798828125,0.5391477346420288,0
msmt17,0,/root/autodl-tmp/reid-data/msmt17/MSMT17_V1/train/0540/0540_007_09_0113afternoon_0778_0.jpg,/root/autodl-tmp/reid-data/msmt17/MSMT17_V1/train/0858/0858_026_15_0114morning_1518_0.jpg,0.638595700263977,0.5391477346420288,0
msmt17,0,/root/autodl-tmp/reid-data/msmt17/MSMT17_V1/train/0162/0162_005_14_0303afternoon_0381_1_ex.jpg,/root/autodl-tmp/reid-data/msmt17/MSMT17_V1/train/0990/0990_021_01_0114afternoon_1216_0_ex.jpg,0.6232731342315674,0.5391477346420288,0
msmt17,0,/root/autodl-tmp/reid-data/msmt17/MSMT17_V1/train/0243/0243_043_04_0303afternoon_0785_1_ex.jpg,/root/autodl-tmp/reid-data/msmt17/MSMT17_V1/train/0695/0695_006_05_0302afternoon_0736_0.jpg,0.5788981914520264,0.5391477346420288,0
msmt17,0,/root/autodl-tmp/reid-data/msmt17/MSMT17_V1/train/0804/0804_008_07_0114morning_0163_3.jpg,/root/autodl-tmp/reid-data/msmt17/MSMT17_V1/train/0918/0918_008_05_0114noon_1726_4.jpg,0.5958251953125,0.5391477346420288,0
msmt17,0,/root/autodl-tmp/reid-data/msmt17/MSMT17_V1/train/0237/0237_042_02_0303afternoon_0659_1.jpg,/root/autodl-tmp/reid-data/msmt17/MSMT17_V1/train/0950/0950_003_01_0114afternoon_0345_4_ex.jpg,0.6675078868865967,0.5391477346420288,0
msmt17,0,/root/autodl-tmp/reid-data/msmt17/MSMT17_V1/train/0272/0272_078_11_0302afternoon_1105_0_ex.jpg,/root/autodl-tmp/reid-data/msmt17/MSMT17_V1/train/0689/0689_021_07_0302afternoon_0547_1.jpg,0.5562692880630493,0.5391477346420288,0
msmt17,0,/root/autodl-tmp/reid-data/msmt17/MSMT17_V1/train/0505/0505_018_11_0113noon_0920_0.jpg,/root/autodl-tmp/reid-data/msmt17/MSMT17_V1/train/0940/0940_005_13_0114noon_1563_1.jpg,0.5825957655906677,0.5391477346420288,0
msmt17,0,/root/autodl-tmp/reid-data/msmt17/MSMT17_V1/train/0245/0245_085_01_0303afternoon_0888_0_ex.jpg,/root/autodl-tmp/reid-data/msmt17/MSMT17_V1/train/1029/1029_070_04_0114afternoon_0980_0.jpg,0.6610531806945801,0.5391477346420288,0
msmt17,0,/root/autodl-tmp/reid-data/msmt17/MSMT17_V1/train/0679/0679_015_07_0302afternoon_0269_2.jpg,/root/autodl-tmp/reid-data/msmt17/MSMT17_V1/train/0753/0753_020_14_0302afternoon_0615_2_ex.jpg,0.7008247375488281,0.5391477346420288,0
msmt17,0,/root/autodl-tmp/reid-data/msmt17/MSMT17_V1/train/0548/0548_000_13_0113afternoon_1134_3.jpg,/root/autodl-tmp/reid-data/msmt17/MSMT17_V1/train/0781/0781_007_12_0302afternoon_1265_0_ex.jpg,0.6015883088111877,0.5391477346420288,0
msmt17,0,/root/autodl-tmp/reid-data/msmt17/MSMT17_V1/train/0466/0466_003_01_0113noon_0879_5_ex.jpg,/root/autodl-tmp/reid-data/msmt17/MSMT17_V1/train/0860/0860_011_05_0114morning_1525_2_ex.jpg,0.6562508940696716,0.5391477346420288,0
msmt17,0,/root/autodl-tmp/reid-data/msmt17/MSMT17_V1/train/0419/0419_015_05_0113noon_0379_1.jpg,/root/autodl-tmp/reid-data/msmt17/MSMT17_V1/train/0723/0723_008_14_0302afternoon_1493_0.jpg,0.6501672863960266,0.5391477346420288,0
msmt17,0,/root/autodl-tmp/reid-data/msmt17/MSMT17_V1/train/0454/0454_002_05_0113noon_0764_2.jpg,/root/autodl-tmp/reid-data/msmt17/MSMT17_V1/train/0989/0989_014_07_0114afternoon_1101_1.jpg,0.5726649761199951,0.5391477346420288,0
msmt17,0,/root/autodl-tmp/reid-data/msmt17/MSMT17_V1/train/0458/0458_006_01_0113noon_0806_7_ex.jpg,/root/autodl-tmp/reid-data/msmt17/MSMT17_V1/train/0506/0506_013_06_0113noon_1069_3.jpg,0.6749411821365356,0.5391477346420288,0
msmt17,0,/root/autodl-tmp/reid-data/msmt17/MSMT17_V1/train/0551/0551_058_03_0113afternoon_1264_0_ex.jpg,/root/autodl-tmp/reid-data/msmt17/MSMT17_V1/train/0786/0786_049_05_0302afternoon_1562_0.jpg,0.5774039626121521,0.5391477346420288,0
msmt17,0,/root/autodl-tmp/reid-data/msmt17/MSMT17_V1/train/0500/0500_054_10_0114noon_1331_0.jpg,/root/autodl-tmp/reid-data/msmt17/MSMT17_V1/train/0926/0926_031_08_0114noon_0610_1.jpg,0.627106785774231,0.5391477346420288,0
msmt17,0,/root/autodl-tmp/reid-data/msmt17/MSMT17_V1/train/0526/0526_000_13_0113noon_1804_0.jpg,/root/autodl-tmp/reid-data/msmt17/MSMT17_V1/train/0528/0528_040_08_0113afternoon_0301_1.jpg,0.5367611050605774,0.5391477346420288,0
msmt17,0,/root/autodl-tmp/reid-data/msmt17/MSMT17_V1/train/0395/0395_026_10_0113morning_1566_1_ex.jpg,/root/autodl-tmp/reid-data/msmt17/MSMT17_V1/train/0607/0607_008_01_0302morning_0476_0.jpg,0.5597267150878906,0.5391477346420288,0
msmt17,0,/root/autodl-tmp/reid-data/msmt17/MSMT17_V1/train/0381/0381_012_05_0113morning_1291_0.jpg,/root/autodl-tmp/reid-data/msmt17/MSMT17_V1/train/0852/0852_019_14_0114morning_1461_0_ex.jpg,0.619910717010498,0.5391477346420288,0
msmt17,0,/root/autodl-tmp/reid-data/msmt17/MSMT17_V1/train/0309/0309_004_07_0113morning_0227_0_ex.jpg,/root/autodl-tmp/reid-data/msmt17/MSMT17_V1/train/0377/0377_014_05_0113morning_1259_0.jpg,0.7212586998939514,0.5391477346420288,0
msmt17,0,/root/autodl-tmp/reid-data/msmt17/MSMT17_V1/train/0582/0582_001_01_0302morning_0188_2_ex.jpg,/root/autodl-tmp/reid-data/msmt17/MSMT17_V1/train/0901/0901_015_15_0114noon_1347_0.jpg,0.535881519317627,0.5391477346420288,0
msmt17,0,/root/autodl-tmp/reid-data/msmt17/MSMT17_V1/train/0241/0241_032_09_0303afternoon_0656_1_ex.jpg,/root/autodl-tmp/reid-data/msmt17/MSMT17_V1/train/0391/0391_066_04_0113morning_1162_0_ex.jpg,0.5954620242118835,0.5391477346420288,0
msmt17,0,/root/autodl-tmp/reid-data/msmt17/MSMT17_V1/train/0146/0146_021_01_0303afternoon_0067_0.jpg,/root/autodl-tmp/reid-data/msmt17/MSMT17_V1/train/0695/0695_012_03_0302afternoon_0756_0.jpg,0.641875684261322,0.5391477346420288,0
msmt17,0,/root/autodl-tmp/reid-data/msmt17/MSMT17_V1/train/0236/0236_044_11_0302afternoon_1665_1_ex.jpg,/root/autodl-tmp/reid-data/msmt17/MSMT17_V1/train/0769/0769_002_13_0302afternoon_0595_0.jpg,0.6074770092964172,0.5391477346420288,0
msmt17,0,/root/autodl-tmp/reid-data/msmt17/MSMT17_V1/train/0376/0376_010_14_0113morning_1404_0.jpg,/root/autodl-tmp/reid-data/msmt17/MSMT17_V1/train/0533/0533_035_07_0113afternoon_0501_1.jpg,0.5921216607093811,0.5391477346420288,0
msmt17,0,/root/autodl-tmp/reid-data/msmt17/MSMT17_V1/train/0500/0500_037_11_0114noon_1302_0_ex.jpg,/root/autodl-tmp/reid-data/msmt17/MSMT17_V1/train/0520/0520_007_13_0113noon_1569_3_ex.jpg,0.5857774019241333,0.5391477346420288,0
msmt17,0,/root/autodl-tmp/reid-data/msmt17/MSMT17_V1/train/0814/0814_021_05_0114morning_0529_2.jpg,/root/autodl-tmp/reid-data/msmt17/MSMT17_V1/train/1008/1008_016_01_0114afternoon_1627_7_ex.jpg,0.6438173651695251,0.5391477346420288,0
msmt17,0,/root/autodl-tmp/reid-data/msmt17/MSMT17_V1/train/0609/0609_003_01_0302morning_0486_2_ex.jpg,/root/autodl-tmp/reid-data/msmt17/MSMT17_V1/train/0778/0778_018_04_0302afternoon_1207_1_ex.jpg,0.6781314611434937,0.5391477346420288,0
msmt17,0,/root/autodl-tmp/reid-data/msmt17/MSMT17_V1/train/0145/0145_005_11_0303noon_1749_0.jpg,/root/autodl-tmp/reid-data/msmt17/MSMT17_V1/train/0502/0502_003_13_0113noon_1014_1_ex.jpg,0.6029911637306213,0.5391477346420288,0
msmt17,0,/root/autodl-tmp/reid-data/msmt17/MSMT17_V1/train/0416/0416_007_07_0113noon_0270_1.jpg,/root/autodl-tmp/reid-data/msmt17/MSMT17_V1/train/0686/0686_000_14_0302afternoon_0493_0.jpg,0.6694104075431824,0.5391477346420288,0
msmt17,0,/root/autodl-tmp/reid-data/msmt17/MSMT17_V1/train/0116/0116_016_10_0303noon_0339_1_ex.jpg,/root/autodl-tmp/reid-data/msmt17/MSMT17_V1/train/0374/0374_020_07_0113morning_1334_3_ex.jpg,0.5648703575134277,0.5391477346420288,0
msmt17,0,/root/autodl-tmp/reid-data/msmt17/MSMT17_V1/train/0827/0827_023_14_0114morning_0934_0.jpg,/root/autodl-tmp/reid-data/msmt17/MSMT17_V1/train/0928/0928_032_07_0114noon_0638_2.jpg,0.5514618158340454,0.5391477346420288,0
msmt17,0,/root/autodl-tmp/reid-data/msmt17/MSMT17_V1/train/0150/0150_007_05_0303afternoon_0095_2.jpg,/root/autodl-tmp/reid-data/msmt17/MSMT17_V1/train/0859/0859_022_14_0114morning_1608_1.jpg,0.6431542038917542,0.5391477346420288,0
msmt17,0,/root/autodl-tmp/reid-data/msmt17/MSMT17_V1/train/0672/0672_002_13_0302noon_1614_0.jpg,/root/autodl-tmp/reid-data/msmt17/MSMT17_V1/train/0931/0931_054_07_0114noon_0818_0_ex.jpg,0.6921513676643372,0.5391477346420288,0
msmt17,0,/root/autodl-tmp/reid-data/msmt17/MSMT17_V1/train/0265/0265_004_13_0303afternoon_1156_1_ex.jpg,/root/autodl-tmp/reid-data/msmt17/MSMT17_V1/train/0709/0709_025_01_0302afternoon_1187_2.jpg,0.5846472382545471,0.5391477346420288,0
msmt17,0,/root/autodl-tmp/reid-data/msmt17/MSMT17_V1/train/0604/0604_029_14_0302morning_0287_1_ex.jpg,/root/autodl-tmp/reid-data/msmt17/MSMT17_V1/train/0905/0905_011_05_0114noon_1397_4_ex.jpg,0.651883065700531,0.5391477346420288,0
msmt17,0,/root/autodl-tmp/reid-data/msmt17/MSMT17_V1/train/0888/0888_002_07_0114noon_0329_2_ex.jpg,/root/autodl-tmp/reid-data/msmt17/MSMT17_V1/train/0982/0982_012_05_0114afternoon_1013_2.jpg,0.6158578395843506,0.5391477346420288,0
msmt17,0,/root/autodl-tmp/reid-data/msmt17/MSMT17_V1/train/0090/0090_016_05_0303morning_1603_0_ex.jpg,/root/autodl-tmp/reid-data/msmt17/MSMT17_V1/train/0661/0661_062_04_0302noon_1010_0_ex.jpg,0.5980233550071716,0.5391477346420288,0
msmt17,0,/root/autodl-tmp/reid-data/msmt17/MSMT17_V1/train/0575/0575_001_01_0302morning_0107_1_ex.jpg,/root/autodl-tmp/reid-data/msmt17/MSMT17_V1/train/0641/0641_077_03_0302noon_0349_0_ex.jpg,0.7300622463226318,0.5391477346420288,0
msmt17,0,/root/autodl-tmp/reid-data/msmt17/MSMT17_V1/train/0676/0676_022_05_0302afternoon_0201_0_ex.jpg,/root/autodl-tmp/reid-data/msmt17/MSMT17_V1/train/0807/0807_011_14_0114morning_0336_0.jpg,0.6382122039794922,0.5391477346420288,0
msmt17,0,/root/autodl-tmp/reid-data/msmt17/MSMT17_V1/train/0541/0541_013_11_0113afternoon_0625_1_ex.jpg,/root/autodl-tmp/reid-data/msmt17/MSMT17_V1/train/0927/0927_015_13_0114noon_0666_3.jpg,0.658906877040863,0.5391477346420288,0
msmt17,0,/root/autodl-tmp/reid-data/msmt17/MSMT17_V1/train/0487/0487_008_08_0113noon_0640_0_ex.jpg,/root/autodl-tmp/reid-data/msmt17/MSMT17_V1/train/0651/0651_016_09_0302noon_0800_0_ex.jpg,0.6792766451835632,0.5391477346420288,0
msmt17,0,/root/autodl-tmp/reid-data/msmt17/MSMT17_V1/train/0231/0231_015_08_0303afternoon_0414_0.jpg,/root/autodl-tmp/reid-data/msmt17/MSMT17_V1/train/0396/0396_038_09_0113morning_1583_0.jpg,0.6277565360069275,0.5391477346420288,0
msmt17,0,/root/autodl-tmp/reid-data/msmt17/MSMT17_V1/train/0247/0247_029_13_0303afternoon_1205_2.jpg,/root/autodl-tmp/reid-data/msmt17/MSMT17_V1/train/0290/0290_011_11_0303afternoon_1613_4.jpg,0.5831404328346252,0.5391477346420288,0
msmt17,0,/root/autodl-tmp/reid-data/msmt17/MSMT17_V1/train/0233/0233_025_08_0303afternoon_0489_1_ex.jpg,/root/autodl-tmp/reid-data/msmt17/MSMT17_V1/train/0692/0692_001_14_0302afternoon_0654_0_ex.jpg,0.5945044159889221,0.5391477346420288,0
msmt17,0,/root/autodl-tmp/reid-data/msmt17/MSMT17_V1/train/0701/0701_008_14_0302afternoon_0875_0_ex.jpg,/root/autodl-tmp/reid-data/msmt17/MSMT17_V1/train/0709/0709_020_01_0302afternoon_1182_2_ex.jpg,0.5777720212936401,0.5391477346420288,0
msmt17,0,/root/autodl-tmp/reid-data/msmt17/MSMT17_V1/train/0220/0220_014_11_0303afternoon_0004_0.jpg,/root/autodl-tmp/reid-data/msmt17/MSMT17_V1/train/0570/0570_114_12_0302morning_0127_3.jpg,0.6493353843688965,0.5391477346420288,0
msmt17,0,/root/autodl-tmp/reid-data/msmt17/MSMT17_V1/train/0318/0318_015_04_0113morning_0388_0.jpg,/root/autodl-tmp/reid-data/msmt17/MSMT17_V1/train/0350/0350_001_01_0113morning_0939_0.jpg,0.5839052200317383,0.5391477346420288,0
msmt17,0,/root/autodl-tmp/reid-data/msmt17/MSMT17_V1/train/0479/0479_016_14_0113noon_1050_2.jpg,/root/autodl-tmp/reid-data/msmt17/MSMT17_V1/train/0830/0830_010_05_0114morning_0918_3.jpg,0.690485417842865,0.5391477346420288,0
msmt17,0,/root/autodl-tmp/reid-data/msmt17/MSMT17_V1/train/0208/0208_004_14_0303afternoon_1327_2.jpg,/root/autodl-tmp/reid-data/msmt17/MSMT17_V1/train/0289/0289_068_01_0303afternoon_1646_4.jpg,0.6801564693450928,0.5391477346420288,0
msmt17,0,/root/autodl-tmp/reid-data/msmt17/MSMT17_V1/train/0264/0264_011_11_0303afternoon_1136_0_ex.jpg,/root/autodl-tmp/reid-data/msmt17/MSMT17_V1/train/0269/0269_017_13_0303afternoon_1219_1.jpg,0.622240424156189,0.5391477346420288,0
msmt17,0,/root/autodl-tmp/reid-data/msmt17/MSMT17_V1/train/0302/0302_016_05_0113morning_0140_1.jpg,/root/autodl-tmp/reid-data/msmt17/MSMT17_V1/train/0367/0367_018_15_0113morning_1105_1.jpg,0.5683398842811584,0.5391477346420288,0
msmt17,0,/root/autodl-tmp/reid-data/msmt17/MSMT17_V1/train/0431/0431_012_05_0113noon_0513_3.jpg,/root/autodl-tmp/reid-data/msmt17/MSMT17_V1/train/0474/0474_012_14_0113noon_0990_2_ex.jpg,0.6821386218070984,0.5391477346420288,0
msmt17,0,/root/autodl-tmp/reid-data/msmt17/MSMT17_V1/train/0501/0501_033_04_0113noon_0946_1.jpg,/root/autodl-tmp/reid-data/msmt17/MSMT17_V1/train/0730/0730_003_14_0302afternoon_1657_3_ex.jpg,0.5566132664680481,0.5391477346420288,0
msmt17,0,/root/autodl-tmp/reid-data/msmt17/MSMT17_V1/train/0586/0586_032_14_0302morning_0176_1_ex.jpg,/root/autodl-tmp/reid-data/msmt17/MSMT17_V1/train/1033/1033_055_06_0114afternoon_1344_0_ex.jpg,0.6475195288658142,0.5391477346420288,0
msmt17,0,/root/autodl-tmp/reid-data/msmt17/MSMT17_V1/train/0113/0113_015_10_0303noon_0271_0.jpg,/root/autodl-tmp/reid-data/msmt17/MSMT17_V1/train/0286/0286_005_11_0303afternoon_1545_1.jpg,0.6192445158958435,0.5391477346420288,0
msmt17,0,/root/autodl-tmp/reid-data/msmt17/MSMT17_V1/train/0515/0515_093_06_0113afternoon_1532_1_ex.jpg,/root/autodl-tmp/reid-data/msmt17/MSMT17_V1/train/0993/0993_013_01_0114afternoon_1295_0.jpg,0.6080198884010315,0.5391477346420288,0
msmt17,0,/root/autodl-tmp/reid-data/msmt17/MSMT17_V1/train/0307/0307_016_14_0113morning_0196_0_ex.jpg,/root/autodl-tmp/reid-data/msmt17/MSMT17_V1/train/0462/0462_005_07_0113noon_0834_0_ex.jpg,0.5499452948570251,0.5391477346420288,0
msmt17,0,/root/autodl-tmp/reid-data/msmt17/MSMT17_V1/train/0247/0247_011_10_0303afternoon_0820_0.jpg,/root/autodl-tmp/reid-data/msmt17/MSMT17_V1/train/0778/0778_023_05_0302afternoon_1317_0.jpg,0.6490345597267151,0.5391477346420288,0
msmt17,0,/root/autodl-tmp/reid-data/msmt17/MSMT17_V1/train/0119/0119_088_11_0303afternoon_0104_0_ex.jpg,/root/autodl-tmp/reid-data/msmt17/MSMT17_V1/train/0777/0777_006_13_0302afternoon_0966_1.jpg,0.6352132558822632,0.5391477346420288,0
msmt17,0,/root/autodl-tmp/reid-data/msmt17/MSMT17_V1/train/0161/0161_006_14_0303afternoon_0354_0.jpg,/root/autodl-tmp/reid-data/msmt17/MSMT17_V1/train/0993/0993_020_01_0114afternoon_1298_0_ex.jpg,0.7521877288818359,0.5391477346420288,0
msmt17,0,/root/autodl-tmp/reid-data/msmt17/MSMT17_V1/train/0103/0103_004_01_0303morning_1764_0_ex.jpg,/root/autodl-tmp/reid-data/msmt17/MSMT17_V1/train/0570/0570_060_13_0302morning_0089_0.jpg,0.6428360939025879,0.5391477346420288,0
msmt17,0,/root/autodl-tmp/reid-data/msmt17/MSMT17_V1/train/0167/0167_011_14_0303afternoon_0498_2_ex.jpg,/root/autodl-tmp/reid-data/msmt17/MSMT17_V1/train/0395/0395_020_10_0113morning_1563_0_ex.jpg,0.6314398646354675,0.5391477346420288,0
msmt17,0,/root/autodl-tmp/reid-data/msmt17/MSMT17_V1/train/0103/0103_019_05_0303morning_1777_0.jpg,/root/autodl-tmp/reid-data/msmt17/MSMT17_V1/train/0570/0570_010_07_0302morning_0175_3.jpg,0.6527193784713745,0.5391477346420288,0
msmt17,0,/root/autodl-tmp/reid-data/msmt17/MSMT17_V1/train/0940/0940_043_05_0114noon_1549_2_ex.jpg,/root/autodl-tmp/reid-data/msmt17/MSMT17_V1/train/0977/0977_007_14_0114afternoon_0926_1_ex.jpg,0.6144987344741821,0.5391477346420288,0
msmt17,0,/root/autodl-tmp/reid-data/msmt17/MSMT17_V1/train/0271/0271_003_13_0303afternoon_1270_1_ex.jpg,/root/autodl-tmp/reid-data/msmt17/MSMT17_V1/train/0770/0770_027_10_0302afternoon_0673_0_ex.jpg,0.6088717579841614,0.5391477346420288,0
msmt17,0,/root/autodl-tmp/reid-data/msmt17/MSMT17_V1/train/0502/0502_012_11_0113noon_0866_0_ex.jpg,/root/autodl-tmp/reid-data/msmt17/MSMT17_V1/train/0539/0539_029_08_0113afternoon_0767_0.jpg,0.6261391043663025,0.5391477346420288,0
msmt17,0,/root/autodl-tmp/reid-data/msmt17/MSMT17_V1/train/0318/0318_003_01_0113morning_0521_5.jpg,/root/autodl-tmp/reid-data/msmt17/MSMT17_V1/train/0338/0338_012_05_0113morning_0655_3_ex.jpg,0.5234814882278442,0.5391477346420288,0
msmt17,0,/root/autodl-tmp/reid-data/msmt17/MSMT17_V1/train/0323/0323_002_01_0113morning_0581_0.jpg,/root/autodl-tmp/reid-data/msmt17/MSMT17_V1/train/0366/0366_006_07_0113morning_1074_1_ex.jpg,0.6058906316757202,0.5391477346420288,0
msmt17,0,/root/autodl-tmp/reid-data/msmt17/MSMT17_V1/train/0429/0429_012_14_0113noon_0463_1.jpg,/root/autodl-tmp/reid-data/msmt17/MSMT17_V1/train/0456/0456_005_07_0113noon_0776_5_ex.jpg,0.6940901279449463,0.5391477346420288,0
msmt17,0,/root/autodl-tmp/reid-data/msmt17/MSMT17_V1/train/0553/0553_030_06_0113afternoon_1335_0.jpg,/root/autodl-tmp/reid-data/msmt17/MSMT17_V1/train/0895/0895_025_15_0114noon_1208_3.jpg,0.6792443990707397,0.5391477346420288,0
msmt17,0,/root/autodl-tmp/reid-data/msmt17/MSMT17_V1/train/0404/0404_016_10_0113noon_0471_0_ex.jpg,/root/autodl-tmp/reid-data/msmt17/MSMT17_V1/train/0626/0626_032_09_0302morning_0320_0.jpg,0.6847119927406311,0.5391477346420288,0
msmt17,0,/root/autodl-tmp/reid-data/msmt17/MSMT17_V1/train/0661/0661_033_11_0302noon_1125_0_ex.jpg,/root/autodl-tmp/reid-data/msmt17/MSMT17_V1/train/0790/0790_007_13_0302afternoon_1310_0_ex.jpg,0.5326005816459656,0.5391477346420288,0
msmt17,0,/root/autodl-tmp/reid-data/msmt17/MSMT17_V1/train/0654/0654_046_14_0302noon_1000_2.jpg,/root/autodl-tmp/reid-data/msmt17/MSMT17_V1/train/0786/0786_037_06_0302afternoon_1471_0_ex.jpg,0.5702739357948303,0.5391477346420288,0
msmt17,0,/root/autodl-tmp/reid-data/msmt17/MSMT17_V1/train/0067/0067_012_05_0303morning_1126_0_ex.jpg,/root/autodl-tmp/reid-data/msmt17/MSMT17_V1/train/0242/0242_033_04_0303afternoon_0762_0.jpg,0.5761275291442871,0.5391477346420288,0
msmt17,0,/root/autodl-tmp/reid-data/msmt17/MSMT17_V1/train/0532/0532_065_05_0113afternoon_0477_3.jpg,/root/autodl-tmp/reid-data/msmt17/MSMT17_V1/train/0733/0733_017_01_0302afternoon_1707_5.jpg,0.5807045102119446,0.5391477346420288,0
msmt17,0,/root/autodl-tmp/reid-data/msmt17/MSMT17_V1/train/0389/0389_118_05_0113morning_1167_0_ex.jpg,/root/autodl-tmp/reid-data/msmt17/MSMT17_V1/train/0974/0974_011_01_0114afternoon_0904_4_ex.jpg,0.6260441541671753,0.5391477346420288,0
msmt17,0,/root/autodl-tmp/reid-data/msmt17/MSMT17_V1/train/0119/0119_011_11_0303noon_0266_1.jpg,/root/autodl-tmp/reid-data/msmt17/MSMT17_V1/train/0533/0533_006_13_0113afternoon_0524_0_ex.jpg,0.6620453000068665,0.5391477346420288,0
msmt17,0,/root/autodl-tmp/reid-data/msmt17/MSMT17_V1/train/0225/0225_085_05_0303afternoon_0265_3_ex.jpg,/root/autodl-tmp/reid-data/msmt17/MSMT17_V1/train/0551/0551_058_03_0113afternoon_1264_0_ex.jpg,0.5480425357818604,0.5391477346420288,0
msmt17,0,/root/autodl-tmp/reid-data/msmt17/MSMT17_V1/train/0096/0096_006_01_0303morning_1670_0.jpg,/root/autodl-tmp/reid-data/msmt17/MSMT17_V1/train/0583/0583_007_07_0302morning_0334_1.jpg,0.6540220975875854,0.5391477346420288,0
msmt17,0,/root/autodl-tmp/reid-data/msmt17/MSMT17_V1/train/0026/0026_005_01_0303morning_0384_1.jpg,/root/autodl-tmp/reid-data/msmt17/MSMT17_V1/train/0358/0358_004_07_0113morning_0922_1.jpg,0.6549474000930786,0.5391477346420288,0
msmt17,0,/root/autodl-tmp/reid-data/msmt17/MSMT17_V1/train/0404/0404_002_11_0113noon_0242_3.jpg,/root/autodl-tmp/reid-data/msmt17/MSMT17_V1/train/0672/0672_006_13_0302noon_1616_0.jpg,0.7222722768783569,0.5391477346420288,0
msmt17,0,/root/autodl-tmp/reid-data/msmt17/MSMT17_V1/train/0083/0083_010_05_0303morning_1451_1.jpg,/root/autodl-tmp/reid-data/msmt17/MSMT17_V1/train/0552/0552_022_04_0113afternoon_1313_1.jpg,0.7362907528877258,0.5391477346420288,0
msmt17,0,/root/autodl-tmp/reid-data/msmt17/MSMT17_V1/train/0528/0528_098_07_0113afternoon_0277_2.jpg,/root/autodl-tmp/reid-data/msmt17/MSMT17_V1/train/1014/1014_002_14_0114afternoon_1659_0_ex.jpg,0.6633862853050232,0.5391477346420288,0
msmt17,0,/root/autodl-tmp/reid-data/msmt17/MSMT17_V1/train/0680/0680_027_01_0302afternoon_0344_0_ex.jpg,/root/autodl-tmp/reid-data/msmt17/MSMT17_V1/train/0707/0707_009_07_0302afternoon_1043_3.jpg,0.6436719298362732,0.5391477346420288,0
msmt17,0,/root/autodl-tmp/reid-data/msmt17/MSMT17_V1/train/0329/0329_023_01_0114morning_0231_1.jpg,/root/autodl-tmp/reid-data/msmt17/MSMT17_V1/train/0802/0802_013_07_0114morning_0219_2_ex.jpg,0.6348456144332886,0.5391477346420288,0
msmt17,0,/root/autodl-tmp/reid-data/msmt17/MSMT17_V1/train/0000/0000_002_01_0303morning_0009_0.jpg,/root/autodl-tmp/reid-data/msmt17/MSMT17_V1/train/0570/0570_040_09_0302morning_0029_0_ex.jpg,0.6669777631759644,0.5391477346420288,0
msmt17,0,/root/autodl-tmp/reid-data/msmt17/MSMT17_V1/train/0264/0264_018_02_0303afternoon_1130_0.jpg,/root/autodl-tmp/reid-data/msmt17/MSMT17_V1/train/0421/0421_006_05_0113noon_0405_1.jpg,0.643550455570221,0.5391477346420288,0
msmt17,0,/root/autodl-tmp/reid-data/msmt17/MSMT17_V1/train/0579/0579_008_01_0302morning_0183_2.jpg,/root/autodl-tmp/reid-data/msmt17/MSMT17_V1/train/0583/0583_005_07_0302morning_0333_0.jpg,0.5309960842132568,0.5391477346420288,0
msmt17,0,/root/autodl-tmp/reid-data/msmt17/MSMT17_V1/train/0213/0213_001_14_0303afternoon_1411_1_ex.jpg,/root/autodl-tmp/reid-data/msmt17/MSMT17_V1/train/0479/0479_015_05_0113noon_1081_3_ex.jpg,0.5969362854957581,0.5391477346420288,0
msmt17,0,/root/autodl-tmp/reid-data/msmt17/MSMT17_V1/train/0819/0819_022_14_0114morning_0749_0.jpg,/root/autodl-tmp/reid-data/msmt17/MSMT17_V1/train/0929/0929_050_05_0114noon_0749_2.jpg,0.6131210923194885,0.5391477346420288,0
msmt17,0,/root/autodl-tmp/reid-data/msmt17/MSMT17_V1/train/0386/0386_043_11_0113morning_0363_0.jpg,/root/autodl-tmp/reid-data/msmt17/MSMT17_V1/train/1029/1029_021_13_0114afternoon_0973_0_ex.jpg,0.6517688632011414,0.5391477346420288,0
msmt17,0,/root/autodl-tmp/reid-data/msmt17/MSMT17_V1/train/0719/0719_005_14_0302afternoon_1391_3.jpg,/root/autodl-tmp/reid-data/msmt17/MSMT17_V1/train/0839/0839_030_15_0114morning_1138_0.jpg,0.6496603488922119,0.5391477346420288,0
msmt17,0,/root/autodl-tmp/reid-data/msmt17/MSMT17_V1/train/0147/0147_012_01_0303afternoon_0068_0.jpg,/root/autodl-tmp/reid-data/msmt17/MSMT17_V1/train/0158/0158_002_14_0303afternoon_0260_0_ex.jpg,0.6417292356491089,0.5391477346420288,0
msmt17,0,/root/autodl-tmp/reid-data/msmt17/MSMT17_V1/train/0634/0634_003_13_0302noon_0103_1_ex.jpg,/root/autodl-tmp/reid-data/msmt17/MSMT17_V1/train/0939/0939_011_11_0114noon_1514_0.jpg,0.6509969234466553,0.5391477346420288,0
msmt17,0,/root/autodl-tmp/reid-data/msmt17/MSMT17_V1/train/0030/0030_023_15_0303morning_0611_0_ex.jpg,/root/autodl-tmp/reid-data/msmt17/MSMT17_V1/train/0957/0957_014_05_0114afternoon_0517_3_ex.jpg,0.6633502244949341,0.5391477346420288,0
msmt17,0,/root/autodl-tmp/reid-data/msmt17/MSMT17_V1/train/0505/0505_016_11_0113noon_0918_1.jpg,/root/autodl-tmp/reid-data/msmt17/MSMT17_V1/train/0551/0551_069_13_0302afternoon_1391_2_ex.jpg,0.6676317453384399,0.5391477346420288,0
msmt17,0,/root/autodl-tmp/reid-data/msmt17/MSMT17_V1/train/0630/0630_090_09_0302morning_1086_0.jpg,/root/autodl-tmp/reid-data/msmt17/MSMT17_V1/train/0875/0875_021_04_0114morning_1253_3.jpg,0.6807876229286194,0.5391477346420288,0
msmt17,0,/root/autodl-tmp/reid-data/msmt17/MSMT17_V1/train/0245/0245_061_04_0303afternoon_0869_2.jpg,/root/autodl-tmp/reid-data/msmt17/MSMT17_V1/train/0280/0280_063_05_0303afternoon_1509_2_ex.jpg,0.6152867078781128,0.5391477346420288,0
msmt17,0,/root/autodl-tmp/reid-data/msmt17/MSMT17_V1/train/0852/0852_024_14_0114morning_1464_0.jpg,/root/autodl-tmp/reid-data/msmt17/MSMT17_V1/train/0946/0946_032_01_0114afternoon_0428_6.jpg,0.6301474571228027,0.5391477346420288,0
msmt17,0,/root/autodl-tmp/reid-data/msmt17/MSMT17_V1/train/0713/0713_033_01_0302afternoon_1331_7_ex.jpg,/root/autodl-tmp/reid-data/msmt17/MSMT17_V1/train/0815/0815_019_15_0114morning_0567_0.jpg,0.5981418490409851,0.5391477346420288,0
msmt17,0,/root/autodl-tmp/reid-data/msmt17/MSMT17_V1/train/0111/0111_001_13_0303noon_0058_3.jpg,/root/autodl-tmp/reid-data/msmt17/MSMT17_V1/train/0653/0653_021_11_0302noon_0877_3_ex.jpg,0.5655916929244995,0.5391477346420288,0
msmt17,0,/root/autodl-tmp/reid-data/msmt17/MSMT17_V1/train/0229/0229_018_02_0303afternoon_0362_0_ex.jpg,/root/autodl-tmp/reid-data/msmt17/MSMT17_V1/train/0527/0527_068_05_0113afternoon_0268_1.jpg,0.5346516966819763,0.5391477346420288,0
msmt17,0,/root/autodl-tmp/reid-data/msmt17/MSMT17_V1/train/0181/0181_002_14_0303afternoon_0811_0.jpg,/root/autodl-tmp/reid-data/msmt17/MSMT17_V1/train/1032/1032_073_07_0114afternoon_1251_1.jpg,0.6927079558372498,0.5391477346420288,0
msmt17,0,/root/autodl-tmp/reid-data/msmt17/MSMT17_V1/train/0161/0161_011_14_0303afternoon_0356_0_ex.jpg,/root/autodl-tmp/reid-data/msmt17/MSMT17_V1/train/0316/0316_022_15_0113morning_0354_0_ex.jpg,0.57999187707901,0.5391477346420288,0
msmt17,0,/root/autodl-tmp/reid-data/msmt17/MSMT17_V1/train/0488/0488_000_13_0113noon_0585_0.jpg,/root/autodl-tmp/reid-data/msmt17/MSMT17_V1/train/0539/0539_009_11_0113afternoon_0520_3.jpg,0.6267326474189758,0.5391477346420288,0
msmt17,0,/root/autodl-tmp/reid-data/msmt17/MSMT17_V1/train/0070/0070_013_05_0303morning_1179_0.jpg,/root/autodl-tmp/reid-data/msmt17/MSMT17_V1/train/0119/0119_384_11_0302morning_0102_0.jpg,0.604192852973938,0.5391477346420288,0
msmt17,0,/root/autodl-tmp/reid-data/msmt17/MSMT17_V1/train/0570/0570_029_04_0302morning_0072_0_ex.jpg,/root/autodl-tmp/reid-data/msmt17/MSMT17_V1/train/0881/0881_000_01_0114noon_0342_1.jpg,0.677606999874115,0.5391477346420288,0
msmt17,0,/root/autodl-tmp/reid-data/msmt17/MSMT17_V1/train/0323/0323_008_05_0113morning_0438_0.jpg,/root/autodl-tmp/reid-data/msmt17/MSMT17_V1/train/0366/0366_010_07_0113morning_1076_0_ex.jpg,0.5719040632247925,0.5391477346420288,0
msmt17,0,/root/autodl-tmp/reid-data/msmt17/MSMT17_V1/train/0766/0766_021_04_0302afternoon_0445_1.jpg,/root/autodl-tmp/reid-data/msmt17/MSMT17_V1/train/1035/1035_032_09_0114afternoon_1575_4.jpg,0.6183996796607971,0.5391477346420288,0
msmt17,0,/root/autodl-tmp/reid-data/msmt17/MSMT17_V1/train/0279/0279_000_13_0303afternoon_1399_1.jpg,/root/autodl-tmp/reid-data/msmt17/MSMT17_V1/train/0400/0400_008_11_0113noon_0100_0_ex.jpg,0.6810392737388611,0.5391477346420288,0
msmt17,0,/root/autodl-tmp/reid-data/msmt17/MSMT17_V1/train/0574/0574_001_01_0302morning_0098_2.jpg,/root/autodl-tmp/reid-data/msmt17/MSMT17_V1/train/0929/0929_038_04_0114noon_0598_0_ex.jpg,0.6297774314880371,0.5391477346420288,0
msmt17,0,/root/autodl-tmp/reid-data/msmt17/MSMT17_V1/train/0892/0892_013_14_0114noon_1101_4_ex.jpg,/root/autodl-tmp/reid-data/msmt17/MSMT17_V1/train/0985/0985_005_05_0114afternoon_1041_2.jpg,0.5806642174720764,0.5391477346420288,0
msmt17,0,/root/autodl-tmp/reid-data/msmt17/MSMT17_V1/train/0284/0284_028_07_0303afternoon_1477_0.jpg,/root/autodl-tmp/reid-data/msmt17/MSMT17_V1/train/0782/0782_003_13_0302afternoon_1054_1.jpg,0.522270143032074,0.5391477346420288,0
msmt17,0,/root/autodl-tmp/reid-data/msmt17/MSMT17_V1/train/0298/0298_002_13_0303afternoon_1789_0.jpg,/root/autodl-tmp/reid-data/msmt17/MSMT17_V1/train/0562/0562_014_11_0113afternoon_1455_0.jpg,0.6429257392883301,0.5391477346420288,0
msmt17,0,/root/autodl-tmp/reid-data/msmt17/MSMT17_V1/train/0725/0725_034_01_0302afternoon_1587_2.jpg,/root/autodl-tmp/reid-data/msmt17/MSMT17_V1/train/0844/0844_028_15_0114morning_1244_1.jpg,0.5507789254188538,0.5391477346420288,0
msmt17,0,/root/autodl-tmp/reid-data/msmt17/MSMT17_V1/train/0128/0128_014_10_0303noon_0847_0_ex.jpg,/root/autodl-tmp/reid-data/msmt17/MSMT17_V1/train/0733/0733_018_01_0302afternoon_1707_5_ex.jpg,0.5309249758720398,0.5391477346420288,0
msmt17,0,/root/autodl-tmp/reid-data/msmt17/MSMT17_V1/train/0487/0487_031_04_0113noon_0508_1_ex.jpg,/root/autodl-tmp/reid-data/msmt17/MSMT17_V1/train/0570/0570_041_09_0302morning_0030_0.jpg,0.6561062335968018,0.5391477346420288,0
msmt17,0,/root/autodl-tmp/reid-data/msmt17/MSMT17_V1/train/0416/0416_015_14_0113noon_0265_2_ex.jpg,/root/autodl-tmp/reid-data/msmt17/MSMT17_V1/train/0446/0446_007_05_0113noon_0657_3_ex.jpg,0.6205329298973083,0.5391477346420288,0
msmt17,0,/root/autodl-tmp/reid-data/msmt17/MSMT17_V1/train/0641/0641_007_13_0302noon_0259_4_ex.jpg,/root/autodl-tmp/reid-data/msmt17/MSMT17_V1/train/0893/0893_002_05_0114noon_1126_1.jpg,0.6872320771217346,0.5391477346420288,0
msmt17,0,/root/autodl-tmp/reid-data/msmt17/MSMT17_V1/train/0571/0571_051_09_0302morning_0034_2.jpg,/root/autodl-tmp/reid-data/msmt17/MSMT17_V1/train/0576/0576_005_01_0302morning_0134_1.jpg,0.713310182094574,0.5391477346420288,0
msmt17,0,/root/autodl-tmp/reid-data/msmt17/MSMT17_V1/train/0200/0200_002_14_0303afternoon_1213_0.jpg,/root/autodl-tmp/reid-data/msmt17/MSMT17_V1/train/0293/0293_052_04_0303afternoon_1690_0.jpg,0.7112515568733215,0.5391477346420288,0
msmt17,0,/root/autodl-tmp/reid-data/msmt17/MSMT17_V1/train/0272/0272_086_06_0302afternoon_1110_0.jpg,/root/autodl-tmp/reid-data/msmt17/MSMT17_V1/train/0740/0740_003_01_0302afternoon_0296_1_ex.jpg,0.624949038028717,0.5391477346420288,0
msmt17,0,/root/autodl-tmp/reid-data/msmt17/MSMT17_V1/train/0573/0573_027_01_0302morning_0167_2.jpg,/root/autodl-tmp/reid-data/msmt17/MSMT17_V1/train/0628/0628_003_13_0302morning_0665_0_ex.jpg,0.6376886963844299,0.5391477346420288,0
msmt17,0,/root/autodl-tmp/reid-data/msmt17/MSMT17_V1/train/0966/0966_000_14_0114afternoon_0710_1.jpg,/root/autodl-tmp/reid-data/msmt17/MSMT17_V1/train/1002/1002_008_07_0114afternoon_1388_0_ex.jpg,0.5527032017707825,0.5391477346420288,0
msmt17,0,/root/autodl-tmp/reid-data/msmt17/MSMT17_V1/train/0627/0627_055_09_0302noon_0526_0_ex.jpg,/root/autodl-tmp/reid-data/msmt17/MSMT17_V1/train/0742/0742_025_05_0302afternoon_0376_0.jpg,0.5875350832939148,0.5391477346420288,0
msmt17,0,/root/autodl-tmp/reid-data/msmt17/MSMT17_V1/train/0351/0351_005_05_0113morning_0833_3.jpg,/root/autodl-tmp/reid-data/msmt17/MSMT17_V1/train/0927/0927_024_08_0114noon_0654_1.jpg,0.5602197647094727,0.5391477346420288,0
msmt17,0,/root/autodl-tmp/reid-data/msmt17/MSMT17_V1/train/0176/0176_006_05_0303afternoon_0656_4.jpg,/root/autodl-tmp/reid-data/msmt17/MSMT17_V1/train/0960/0960_006_03_0114afternoon_0582_1.jpg,0.6183884739875793,0.5391477346420288,0
msmt17,0,/root/autodl-tmp/reid-data/msmt17/MSMT17_V1/train/0570/0570_029_04_0302morning_0072_0_ex.jpg,/root/autodl-tmp/reid-data/msmt17/MSMT17_V1/train/0586/0586_003_01_0302morning_0268_2.jpg,0.6973866820335388,0.5391477346420288,0
msmt17,0,/root/autodl-tmp/reid-data/msmt17/MSMT17_V1/train/0076/0076_024_14_0303morning_1519_3.jpg,/root/autodl-tmp/reid-data/msmt17/MSMT17_V1/train/0904/0904_005_07_0114noon_1322_1.jpg,0.6858794093132019,0.5391477346420288,0
msmt17,0,/root/autodl-tmp/reid-data/msmt17/MSMT17_V1/train/0067/0067_012_05_0303morning_1126_0_ex.jpg,/root/autodl-tmp/reid-data/msmt17/MSMT17_V1/train/0798/0798_006_01_0114morning_0192_3.jpg,0.5852135419845581,0.5391477346420288,0
msmt17,0,/root/autodl-tmp/reid-data/msmt17/MSMT17_V1/train/0233/0233_012_12_0303afternoon_0504_2.jpg,/root/autodl-tmp/reid-data/msmt17/MSMT17_V1/train/0291/0291_008_11_0303afternoon_1629_0.jpg,0.6657202839851379,0.5391477346420288,0
msmt17,0,/root/autodl-tmp/reid-data/msmt17/MSMT17_V1/train/0284/0284_027_08_0303afternoon_1478_0.jpg,/root/autodl-tmp/reid-data/msmt17/MSMT17_V1/train/0720/0720_001_14_0302afternoon_1399_2_ex.jpg,0.622334897518158,0.5391477346420288,0
msmt17,0,/root/autodl-tmp/reid-data/msmt17/MSMT17_V1/train/0012/0012_004_01_0303morning_0149_3.jpg,/root/autodl-tmp/reid-data/msmt17/MSMT17_V1/train/0626/0626_027_09_0302morning_0317_0_ex.jpg,0.729737401008606,0.5391477346420288,0
msmt17,0,/root/autodl-tmp/reid-data/msmt17/MSMT17_V1/train/0884/0884_011_05_0114noon_0328_1.jpg,/root/autodl-tmp/reid-data/msmt17/MSMT17_V1/train/0966/0966_019_01_0114afternoon_0763_3_ex.jpg,0.5971181988716125,0.5391477346420288,0
msmt17,0,/root/autodl-tmp/reid-data/msmt17/MSMT17_V1/train/0543/0543_028_08_0113afternoon_0997_1.jpg,/root/autodl-tmp/reid-data/msmt17/MSMT17_V1/train/1015/1015_010_09_0114afternoon_1643_2.jpg,0.6097471714019775,0.5391477346420288,0
msmt17,0,/root/autodl-tmp/reid-data/msmt17/MSMT17_V1/train/0422/0422_002_01_0113noon_0405_2.jpg,/root/autodl-tmp/reid-data/msmt17/MSMT17_V1/train/0441/0441_011_14_0113noon_0575_3.jpg,0.5693259239196777,0.5391477346420288,0
msmt17,0,/root/autodl-tmp/reid-data/msmt17/MSMT17_V1/train/0674/0674_030_10_0302noon_1830_0.jpg,/root/autodl-tmp/reid-data/msmt17/MSMT17_V1/train/0849/0849_002_01_0114morning_1458_0.jpg,0.5947121977806091,0.5391477346420288,0
msmt17,0,/root/autodl-tmp/reid-data/msmt17/MSMT17_V1/train/0507/0507_036_11_0113noon_0970_1.jpg,/root/autodl-tmp/reid-data/msmt17/MSMT17_V1/train/0904/0904_005_07_0114noon_1322_1.jpg,0.6221230626106262,0.5391477346420288,0
msmt17,0,/root/autodl-tmp/reid-data/msmt17/MSMT17_V1/train/0337/0337_020_14_0113morning_0646_1.jpg,/root/autodl-tmp/reid-data/msmt17/MSMT17_V1/train/0441/0441_005_07_0113noon_0583_0.jpg,0.6548444628715515,0.5391477346420288,0
