domain,strategy,round,n,n_queries,n_queries_std,n_pos,n_pos_std,true_ids,true_ids_std,pw_prec,pw_prec_std,pw_rec,pw_rec_std,pw_f,pw_f_std,nmi,nmi_std,pseudo_clusters,pseudo_clusters_std,pseudo_outliers,pseudo_outliers_std,pseudo_split_ids,pseudo_split_ids_std,d_pw_f,d_true_ids,d_n_pos,purity,purity_std,round_pos_rate,round_pos_rate_std,exp_change,exp_change_std
msmt17,none,1,2,0.0,0.0,0.0,0.0,0.0,0.0,0.6316337954662155,0.0,0.5173575919038813,0.0,0.5688128614009393,0.0,0.9248797651371335,0.0,1390.0,0.0,0.08225337212377681,0.0,716.0,0.0,-0.006825736933200488,-96.0,-111.0,,,,,,
msmt17,none,2,2,0.0,0.0,0.0,0.0,0.0,0.0,0.6316337954662155,0.0,0.5173575919038813,0.0,0.5688128614009393,0.0,0.9248797651371335,0.0,1390.0,0.0,0.08225337212377681,0.0,716.0,0.0,-0.018009025241178644,-163.5,-212.0,,,,,,
msmt17,none,3,2,0.0,0.0,0.0,0.0,0.0,0.0,0.6316337954662155,0.0,0.5173575919038813,0.0,0.5688128614009393,0.0,0.9248797651371335,0.0,1390.0,0.0,0.08225337212377681,0.0,716.0,0.0,-0.022368213184705277,-221.5,-314.0,,,,,,
msmt17,none,4,2,0.0,0.0,0.0,0.0,0.0,0.0,0.6316337954662155,0.0,0.5173575919038813,0.0,0.5688128614009393,0.0,0.9248797651371335,0.0,1390.0,0.0,0.08225337212377681,0.0,716.0,0.0,-0.03195276311849765,-279.0,-424.5,,,,,,
msmt17,none,5,2,0.0,0.0,0.0,0.0,0.0,0.0,0.6316337954662155,0.0,0.5173575919038813,0.0,0.5688128614009393,0.0,0.9248797651371335,0.0,1390.0,0.0,0.08225337212377681,0.0,716.0,0.0,-0.03375984491578671,-327.5,-531.5,,,,,,
msmt17,random,1,2,200.0,0.0,111.0,0.0,96.0,4.0,0.6330108766706355,0.0027661728171704536,0.5278397158250216,0.004325091321273011,0.5756385983341399,0.0014283442663017285,0.9251851713032442,0.00011737989935178827,1379.5,2.5,0.0820384818830997,1.6530018513649658e-05,716.5,1.5,0.0,0.0,0.0,1.0,0.0,0.555,0.0,,
msmt17,random,2,2,400.0,0.0,212.0,1.0,163.5,2.5,0.6423934532451684,0.000650642692473169,0.5401020702246455,0.002300096388931361,0.586821886642118,0.0016290990887950496,0.9256913748792199,9.485173619944165e-05,1377.5,3.5,0.08175747156836816,3.3060037027243805e-05,718.0,2.0,0.0,0.0,0.0,1.0,0.0,0.505,0.0050000000000000044,,
msmt17,random,3,2,600.0,0.0,314.0,1.0,221.5,0.5,0.6481242717596847,0.013986269107630844,0.5436356415655548,0.0037073196292818356,0.5911810745856446,0.0036287012530612506,0.9257186825485881,0.00012622572660181408,1374.5,3.5,0.0815260513091775,3.3060037027243805e-05,718.5,2.5,0.0,0.0,0.0,1.0,0.0,0.51,0.0,,
msmt17,random,4,2,800.0,0.0,424.5,5.5,279.0,3.0,0.6476435607184257,0.02149629219471677,0.5608491327064605,0.009053526883410767,0.600765624519437,0.004063120319782454,0.9263634956883802,6.708240080394168e-05,1360.5,2.5,0.08137728114255488,8.265009256808176e-05,721.0,7.0,0.0,0.0,0.0,1.0,0.0,0.5525,0.022499999999999964,,
msmt17,random,5,2,1000.0,0.0,531.5,9.5,327.5,1.5,0.6490958899761992,0.015217159840735572,0.5627072741237777,0.0097657569702711,0.6025727063167261,0.000959661682298607,0.9260995111955168,0.00012010206262447198,1357.5,0.5,0.08126157101295955,3.3060037027243805e-05,722.5,5.5,0.0,0.0,0.0,1.0,0.0,0.535,0.020000000000000018,,
msmt17,repair,1,2,200.0,0.0,29.0,0.0,29.0,0.0,0.6615668131375153,0.0,0.5653259090413921,0.0,0.6096716579496431,0.0,0.9276447332447739,0.0,1370.0,0.0,0.08225337212377681,0.0,712.0,0.0,0.034033059615503236,-67.0,-82.0,1.0,0.0,0.145,0.0,4600.695286504302,15.799695910358878
msmt17,repair,2,2,400.0,0.0,147.0,0.0,132.0,0.0,0.7225648308464486,0.0,0.5633884777305715,0.0,0.6331251646495484,0.0,0.9298345861783759,0.0,1426.0,0.0,0.08225337212377681,0.0,727.0,0.0,0.04630327800743039,-31.5,-65.0,1.0,0.0,0.59,0.0,1849.5583700404065,0.0
msmt17,repair,3,2,600.0,0.0,170.0,0.0,147.0,0.0,0.7340042241272208,0.0,0.570280493169348,0.0,0.6418664351005768,0.0,0.9305659372776663,0.0,1409.0,0.0,0.08225337212377681,0.0,724.0,0.0,0.05068536051493222,-74.5,-144.0,1.0,0.0,0.115,0.0,2274.128537627049,0.0
msmt17,repair,4,2,800.0,0.0,268.0,0.0,228.0,0.0,0.7380854750367735,0.0,0.5832964462959209,0.0,0.6516248295835292,0.0,0.931495526321429,0.0,1389.0,0.0,0.08225337212377681,0.0,725.0,0.0,0.050859205064092194,-51.0,-156.5,1.0,0.0,0.49,0.0,1953.9741097017045,0.0
msmt17,repair,5,2,1000.0,0.0,318.0,0.0,267.0,0.0,0.7382427322683438,0.0,0.5820677976852867,0.0,0.6509185704119091,0.0,0.9322311371037448,0.0,1381.0,0.0,0.08225337212377681,0.0,721.0,0.0,0.0483458640951831,-60.5,-213.5,1.0,0.0,0.25,0.0,2173.4742858941954,0.0
msmt17,repair_random,1,2,200.0,0.0,38.5,0.5,37.5,0.5,0.6335869380289356,0.000636402800256064,0.5207739520978727,0.001143842898452374,0.5716677695054571,0.0009482153836583573,0.9252955526038193,7.248320890573812e-05,1390.0,2.0,0.08185665167944989,6.612007405448761e-05,714.0,0.0,-0.003970828828682715,-58.5,-72.5,1.0,0.0,0.1925,0.0025000000000000022,700.3566503816353,1.3225140449945911
msmt17,repair_random,2,2,400.0,0.0,72.5,5.5,69.5,4.5,0.6341821715436622,0.0002591694727523408,0.5235235877091012,0.00200293165762766,0.5735617160245176,0.0010960722882634721,0.9255936061454407,3.05429073887975e-05,1389.0,3.0,0.0814929912721502,3.3060037027243805e-05,713.5,1.5,-0.01326017061760043,-94.0,-139.5,1.0,0.0,0.16999999999999998,0.02500000000000001,257.9251443262707,2.8990332799158978
msmt17,repair_random,3,2,600.0,0.0,117.0,7.0,111.0,5.0,0.6429604025809412,0.005302593435798586,0.528445766402321,0.0034308392180223968,0.5801052659870214,0.004225471482272425,0.9262824567099104,3.837064882766805e-05,1389.5,5.5,0.08107974080930969,4.959005554083795e-05,712.5,3.5,-0.011075808598623171,-110.5,-197.0,1.0,0.0,0.2225,0.007500000000000007,311.1315086693754,4.735782746239153
msmt17,repair_random,4,2,800.0,0.0,152.5,7.5,141.5,4.5,0.6442130010301523,0.006149902667801965,0.5319207321697714,0.004214085470368334,0.5827058906933722,0.0050444108930176035,0.9266325374824864,0.0002047421385485415,1388.0,5.0,0.0807987304945782,0.0,711.5,4.5,-0.01805973382606485,-137.5,-272.0,1.0,0.0,0.1775,0.0025000000000000022,209.9164401501381,2.17099588704032
msmt17,repair_random,5,2,1000.0,0.0,193.0,4.0,176.0,1.0,0.6558462490150272,0.004583024393926771,0.5323633766187204,0.0025083185440444855,0.5876876751830783,0.003368358889172862,0.9271501722914565,5.136968895103067e-05,1388.5,3.5,0.08048466014281935,4.959005554089346e-05,711.5,2.5,-0.014885031133647753,-151.5,-338.5,1.0,0.0,0.2025,0.0175,289.0873879563456,31.255453832706905
