domain,k,condition,mAP,d_mAP,rank1,llm_acc,llm_auc,zero_mAP,n
viper,4,true,55.859125222715704,0.0,45.80696150660515,0.73828125,0.6914290300176434,11.718188210350537,4
viper,4,shuffle,56.07353622443325,0.21441100171754357,46.20253145694733,0.72265625,0.6992096941808633,11.718188210350537,4
viper,4,flip,56.48832014075674,0.629194918041037,46.598101407289505,0.71484375,0.6982950624254972,11.718188210350537,4
viper,4,all_yes,55.501664112277126,-0.3574611104385781,45.01582160592079,0.7421875,0.7011487273698966,11.718188210350537,4
viper,4,all_no,56.39371989612108,0.5345946734053726,46.598101407289505,0.71875,0.6932478927856048,11.718188210350537,4
viper,4,cross,55.60727732851704,-0.2518478941986615,45.56961990892887,0.7109375,0.7374185083871589,11.718188210350537,8
viper,4,source,53.24596717391236,-2.613158048803342,43.275316804647446,0.65625,0.6812072995712312,11.718188210350537,4
viper,4,pseudo,56.33120093289276,0.47207571017705874,46.28164544701576,0.859375,0.9648682276101417,11.718188210350537,4
viper,16,true,56.57925915015497,0.0,46.83544337749481,0.65234375,0.7047321188038793,11.718188210350537,4
viper,16,shuffle,56.55474064087026,-0.024518509284710888,46.67721539735794,0.640625,0.6989536830357143,11.718188210350537,4
viper,16,flip,56.45293677067589,-0.12632237947907754,46.3607594370842,0.63671875,0.6999269983451355,11.718188210350537,4
viper,16,all_yes,55.95101931060217,-0.6282398395527977,45.56961953639984,0.6328125,0.7045808237761699,11.718188210350537,4
viper,16,all_no,56.38493994301561,-0.19431920713935824,46.67721539735794,0.6484375,0.7015431371228448,11.718188210350537,4
viper,16,cross,55.97946022402415,-0.5997989261308163,46.08386047184467,0.716796875,0.7749008404210284,11.718188210350537,8
viper,16,source,53.64403271707848,-2.935226433076487,44.14556995034218,0.77734375,0.8366301137238301,11.718188210350537,4
viper,16,pseudo,56.90560394216904,0.3263447920140692,46.91455736756325,0.75,0.9147450113531403,11.718188210350537,4
grid,4,true,40.23972695836101,0.0,28.4000001847744,0.6484375,0.6630877113048376,7.115698759001255,4
grid,4,shuffle,40.0280949841914,-0.2116319741696131,28.00000011920929,0.66015625,0.6673912039268615,7.115698759001255,4
grid,4,flip,40.3344862917127,0.09475933335168918,28.599999845027924,0.65234375,0.6688547677578697,7.115698759001255,4
grid,4,all_yes,39.75557087745224,-0.48415608090876816,28.39999943971634,0.671875,0.6600603659110419,7.115698759001255,4
grid,4,all_no,41.52629179976518,1.2865648414041715,31.40000030398369,0.640625,0.6702618328413662,7.115698759001255,4
grid,4,cross,38.54595428037958,-1.6937726779814284,27.700000628829002,0.755859375,0.751589167743562,7.115698759001255,8
grid,4,source,38.87205605548357,-1.3676709028774425,26.799999549984932,0.65625,0.6812072995712312,7.115698759001255,4
grid,4,pseudo,39.917392269304926,-0.32233468905608476,28.600000590085983,0.87109375,0.927490910946306,7.115698759001255,4
grid,16,true,39.852860195524144,0.0,28.00000011920929,0.6953125,0.7555320100831281,7.115698759001255,4
grid,16,shuffle,39.45589671853884,-0.3969634769853059,27.400001138448715,0.68359375,0.7543080597675492,7.115698759001255,4
grid,16,flip,39.27802000181202,-0.5748401937121272,26.80000066757202,0.6875,0.7554088573737685,7.115698759001255,4
grid,16,all_yes,39.495801299071104,-0.3570588964530401,28.200000524520874,0.66015625,0.7567678667641626,7.115698759001255,4
grid,16,all_no,41.294472616095305,1.4416124205711611,31.00000023841858,0.7109375,0.7559155393703818,7.115698759001255,4
grid,16,cross,39.21945957878141,-0.6334006167427333,28.299999982118607,0.6953125,0.7495008947814039,7.115698759001255,8
grid,16,source,39.05085081086038,-0.8020093846637621,27.000000327825546,0.77734375,0.8366301137238301,7.115698759001255,4
grid,16,pseudo,39.33778602060836,-0.5150741749157817,27.60000005364418,0.7734375,0.8811191502463054,7.115698759001255,4
ilids,4,true,72.71524671862635,0.0,62.08333373069763,0.7734375,0.8117493054694804,36.631114123166604,4
ilids,4,shuffle,72.64378177083447,-0.07146494779188117,61.666667461395264,0.765625,0.8142295957032833,36.631114123166604,4
ilids,4,flip,71.59831131383551,-1.116935404790837,60.00000238418579,0.75390625,0.7966828134013977,36.631114123166604,4
ilids,4,all_yes,71.09011335048473,-1.6251333681416185,59.583331644535065,0.734375,0.8022526143880864,36.631114123166604,4
ilids,4,all_no,72.57415786374119,-0.14108885488515455,61.666667461395264,0.73046875,0.8034295241844287,36.631114123166604,4
ilids,4,cross,72.39824263591878,-0.3170040827075695,61.250000447034836,0.693359375,0.6772583706612405,36.631114123166604,8
ilids,4,source,71.46826356302776,-1.2469831555985849,60.00000238418579,0.65625,0.6812072995712312,36.631114123166604,4
ilids,4,pseudo,72.58117120803911,-0.13407551058723755,62.08333373069763,0.74609375,0.8487974446020576,36.631114123166604,4
ilids,16,true,73.54999661739858,0.0,63.333332538604736,0.73828125,0.7942696707589285,36.631114123166604,4
ilids,16,shuffle,72.5379689074542,-1.0120277099443769,61.666667461395264,0.72265625,0.7910774418873152,36.631114123166604,4
ilids,16,flip,72.71761451602137,-0.8323821013772061,62.08333373069763,0.72265625,0.7879921297721675,36.631114123166604,4
ilids,16,all_yes,73.3532195809401,-0.1967770364584709,62.91666626930237,0.71484375,0.7991849551647167,36.631114123166604,4
ilids,16,all_no,73.01549122174123,-0.534505395657348,62.08333373069763,0.73828125,0.7871343903940886,36.631114123166604,4
ilids,16,cross,73.14902181195473,-0.4009748054438518,62.291666865348816,0.673828125,0.7301320644435036,36.631114123166604,8
ilids,16,source,71.62360968405376,-1.9263869333448156,60.83333492279053,0.77734375,0.8366301137238301,36.631114123166604,4
ilids,16,pseudo,73.77387758846093,0.22388097106235705,64.16666507720947,0.8046875,0.9288785887469212,36.631114123166604,4
