domain,split,k,condition,context_from,idx,seed,rank1,mAP,llm_acc,llm_auc
viper,0,0,zero,-,0,0,6.329113990068436,11.718188210350537,nan,nan
viper,0,4,true,viper,0,4000,46.20253145694733,55.7822086994045,0.78125,0.6672077922077921
viper,0,4,shuffle,viper,0,4000,45.886075496673584,55.480458990050465,0.765625,0.6872294372294372
viper,0,4,flip,viper,0,4000,46.51898741722107,56.291930967653926,0.78125,0.6856060606060604
viper,0,4,all_yes,viper,0,4000,44.936707615852356,55.39305089014152,0.765625,0.6791125541125542
viper,0,4,all_no,viper,0,4000,47.4683552980423,56.68962661784002,0.78125,0.6785714285714285
viper,0,4,cross,grid,0,4000,44.936707615852356,55.03317823440158,0.6875,0.5211038961038961
viper,0,4,cross,ilids,0,4000,46.20253145694733,56.409301793334144,0.84375,0.8582251082251082
viper,0,4,source,market1501,0,4000,43.35443079471588,53.12635309329453,0.6875,0.6168831168831168
viper,0,4,pseudo,viper,0,4000,46.51898741722107,56.12518514527714,0.90625,0.9848484848484849
viper,0,4,true,viper,1,4001,45.56961953639984,55.69183469099753,0.6875,0.7020148462354189
viper,0,4,shuffle,viper,1,4001,45.886075496673584,56.21066532038822,0.671875,0.6871686108165429
viper,0,4,flip,viper,1,4001,46.51898741722107,56.76598842412053,0.640625,0.6823966065747613
viper,0,4,all_yes,viper,1,4001,45.2531635761261,55.637140987521406,0.703125,0.6914103923647932
viper,0,4,all_no,viper,1,4001,46.83544337749481,56.54560270507984,0.640625,0.6951219512195121
viper,0,4,cross,grid,1,4001,44.62025463581085,54.441333430916764,0.703125,0.7497348886532345
viper,0,4,cross,ilids,1,4001,45.56961953639984,56.07995335024424,0.671875,0.6580063626723224
viper,0,4,source,market1501,1,4001,43.35443079471588,53.36886028799825,0.515625,0.647932131495228
viper,0,4,pseudo,viper,1,4001,46.51898741722107,56.24926417192848,0.859375,0.9798515376458112
viper,0,4,true,viper,2,4002,45.886075496673584,55.93015857034415,0.703125,0.6939484126984127
viper,0,4,shuffle,viper,2,4002,46.51898741722107,56.13383439023154,0.6875,0.7098214285714286
viper,0,4,flip,viper,2,4002,46.20253145694733,56.05045817842099,0.703125,0.7162698412698413
viper,0,4,all_yes,viper,2,4002,44.936707615852356,55.25078808698437,0.703125,0.7256944444444444
viper,0,4,all_no,viper,2,4002,45.886075496673584,55.82770783874603,0.71875,0.6840277777777778
viper,0,4,cross,grid,2,4002,45.2531635761261,55.21427301475953,0.71875,0.7420634920634921
viper,0,4,cross,ilids,2,4002,45.886075496673584,55.897060326943205,0.890625,0.9751984126984127
viper,0,4,source,market1501,2,4002,43.03797483444214,53.29111914052036,0.65625,0.5877976190476191
viper,0,4,pseudo,viper,2,4002,46.20253145694733,56.52618308588958,0.734375,0.8958333333333334
viper,0,4,true,viper,3,4003,45.56961953639984,56.03229893011665,0.78125,0.7025450689289502
viper,0,4,shuffle,viper,3,4003,46.51898741722107,56.46918619706278,0.765625,0.7126193001060446
viper,0,4,flip,viper,3,4003,47.151899337768555,56.84490299283153,0.734375,0.7089077412513255
viper,0,4,all_yes,viper,3,4003,44.936707615852356,55.7256764844612,0.796875,0.7083775185577943
viper,0,4,all_no,viper,3,4003,46.20253145694733,56.51194242281844,0.734375,0.7152704135737009
viper,0,4,cross,grid,3,4003,45.56961953639984,55.45947260787718,0.484375,0.6394485683987274
viper,0,4,cross,ilids,3,4003,46.51898741722107,56.32364586965976,0.6875,0.7555673382820784
viper,0,4,source,market1501,3,4003,43.35443079471588,53.197536173836326,0.765625,0.8722163308589608
viper,0,4,pseudo,viper,3,4003,45.886075496673584,56.424171328475836,0.9375,0.9989395546129375
viper,0,16,true,viper,0,16000,46.20253145694733,56.17889491474622,0.65625,0.7532019704433497
viper,0,16,shuffle,viper,0,16000,45.2531635761261,55.646876745893735,0.65625,0.7482758620689655
viper,0,16,flip,viper,0,16000,46.20253145694733,56.243452821360876,0.640625,0.7522167487684729
viper,0,16,all_yes,viper,0,16000,45.56961953639984,55.94822857148291,0.671875,0.7502463054187192
viper,0,16,all_no,viper,0,16000,46.83544337749481,56.413567428566225,0.671875,0.7507389162561575
viper,0,16,cross,grid,0,16000,46.51898741722107,55.84837776181699,0.609375,0.6886699507389162
viper,0,16,cross,ilids,0,16000,45.56961953639984,55.83781135244409,0.640625,0.6935960591133005
viper,0,16,source,market1501,0,16000,44.936707615852356,54.18586455095229,0.84375,0.8665024630541871
viper,0,16,pseudo,viper,0,16000,46.83544337749481,56.64793821764308,0.765625,0.8699507389162562
viper,0,16,true,viper,1,16001,46.83544337749481,56.55296697859051,0.609375,0.6014778325123152
viper,0,16,shuffle,viper,1,16001,47.4683552980423,57.054081168465366,0.546875,0.5876847290640395
viper,0,16,flip,viper,1,16001,44.936707615852356,55.90358534448211,0.546875,0.5842364532019705
viper,0,16,all_yes,viper,1,16001,45.2531635761261,55.76774881383988,0.546875,0.5945812807881774
viper,0,16,all_no,viper,1,16001,46.51898741722107,56.406748562990686,0.5625,0.5921182266009852
viper,0,16,cross,grid,1,16001,46.51898741722107,55.83549907104792,0.71875,0.7078817733990148
viper,0,16,cross,ilids,1,16001,46.51898741722107,56.56992242747191,0.734375,0.7847290640394089
viper,0,16,source,market1501,1,16001,43.670886754989624,53.25105754728385,0.8125,0.8344827586206897
viper,0,16,pseudo,viper,1,16001,47.151899337768555,57.07137612831801,0.703125,0.8807881773399014
viper,0,16,true,viper,2,16002,46.83544337749481,56.65501354158664,0.703125,0.8211822660098522
viper,0,16,shuffle,viper,2,16002,46.51898741722107,56.465941828218156,0.6875,0.8211822660098522
viper,0,16,flip,viper,2,16002,46.83544337749481,56.671638398890536,0.6875,0.8192118226600985
viper,0,16,all_yes,viper,2,16002,45.56961953639984,55.92303142970173,0.6875,0.8177339901477833
viper,0,16,all_no,viper,2,16002,47.151899337768555,56.81822625622062,0.71875,0.8261083743842365
viper,0,16,cross,grid,2,16002,45.886075496673584,55.80460587060644,0.765625,0.8433497536945813
viper,0,16,cross,ilids,2,16002,45.56961953639984,56.2529293111527,0.78125,0.8359605911330048
viper,0,16,source,market1501,2,16002,43.98734271526337,53.49142645667864,0.765625,0.8364532019704434
viper,0,16,pseudo,viper,2,16002,47.4683552980423,57.21294832591076,0.78125,0.9487684729064039
viper,0,16,true,viper,3,16003,47.4683552980423,56.93016116569649,0.640625,0.64306640625
viper,0,16,shuffle,viper,3,16003,47.4683552980423,57.05206282090379,0.671875,0.638671875
viper,0,16,flip,viper,3,16003,47.4683552980423,56.99307051797005,0.671875,0.64404296875
viper,0,16,all_yes,viper,3,16003,45.886075496673584,56.16506842738417,0.625,0.65576171875
viper,0,16,all_no,viper,3,16003,46.20253145694733,55.901217524284895,0.640625,0.63720703125
viper,0,16,cross,grid,3,16003,45.56961953639984,55.165632911979365,0.6875,0.7822265625
viper,0,16,cross,ilids,3,16003,46.51898741722107,56.52090308567378,0.796875,0.86279296875
viper,0,16,source,market1501,3,16003,43.98734271526337,53.64778231339914,0.6875,0.80908203125
viper,0,16,pseudo,viper,3,16003,46.20253145694733,56.69015309680431,0.75,0.95947265625
grid,0,0,zero,-,0,0,4.800000041723251,7.115698759001255,nan,nan
grid,0,4,true,grid,0,4000,28.00000011920929,39.93945098068702,0.6875,0.5211038961038961
grid,0,4,shuffle,grid,0,4000,27.20000147819519,39.683880878867406,0.6875,0.5562770562770563
grid,0,4,flip,grid,0,4000,28.00000011920929,39.95779914101098,0.6875,0.5573593073593074
grid,0,4,all_yes,grid,0,4000,28.79999876022339,40.06595622121331,0.6875,0.527056277056277
grid,0,4,all_no,grid,0,4000,30.399999022483826,40.81250564170148,0.6875,0.5497835497835497
grid,0,4,cross,viper,0,4000,25.600001215934753,37.536471410948785,0.78125,0.6672077922077921
grid,0,4,cross,ilids,0,4000,28.79999876022339,38.89712780894074,0.84375,0.8582251082251082
grid,0,4,source,market1501,0,4000,28.79999876022339,40.64828666444385,0.6875,0.6168831168831168
grid,0,4,pseudo,grid,0,4000,29.600000381469727,41.122181644885444,0.953125,0.9734848484848485
grid,0,4,true,grid,1,4001,27.20000147819519,39.69164681132528,0.703125,0.7497348886532345
grid,0,4,shuffle,grid,1,4001,26.399999856948853,39.046396482075714,0.75,0.7375397667020148
grid,0,4,flip,grid,1,4001,28.79999876022339,40.24874667603704,0.75,0.7539766702014847
grid,0,4,all_yes,grid,1,4001,28.00000011920929,39.507915803507906,0.71875,0.7375397667020148
grid,0,4,all_no,grid,1,4001,31.200000643730164,41.54368317968226,0.703125,0.7651113467656416
grid,0,4,cross,viper,1,4001,27.20000147819519,38.05529525361277,0.6875,0.7020148462354189
grid,0,4,cross,ilids,1,4001,29.600000381469727,39.545369839220044,0.671875,0.6580063626723224
grid,0,4,source,market1501,1,4001,28.00000011920929,39.6668675714671,0.515625,0.647932131495228
grid,0,4,pseudo,grid,1,4001,28.00000011920929,39.52566183618115,0.875,0.9135737009544008
grid,0,4,true,grid,2,4002,30.399999022483826,41.484785294232246,0.71875,0.7420634920634921
grid,0,4,shuffle,grid,2,4002,29.600000381469727,40.951331025470864,0.71875,0.7410714285714286
grid,0,4,flip,grid,2,4002,29.600000381469727,41.016644952545036,0.671875,0.7410714285714286
grid,0,4,all_yes,grid,2,4002,28.00000011920929,39.71736130441676,0.796875,0.7425595238095238
grid,0,4,all_no,grid,2,4002,32.8000009059906,42.05817468582889,0.65625,0.7341269841269841
grid,0,4,cross,viper,2,4002,27.20000147819519,38.95546883381707,0.703125,0.6939484126984127
grid,0,4,cross,ilids,2,4002,28.00000011920929,38.93048165211575,0.890625,0.9751984126984127
grid,0,4,source,market1501,2,4002,26.399999856948853,38.29563595402247,0.65625,0.5877976190476191
grid,0,4,pseudo,grid,2,4002,27.20000147819519,38.47915861435005,0.859375,0.9846230158730159
grid,0,4,true,grid,3,4003,28.00000011920929,39.8430247471995,0.484375,0.6394485683987274
grid,0,4,shuffle,grid,3,4003,28.79999876022339,40.43077155035162,0.484375,0.634676564156946
grid,0,4,flip,grid,3,4003,28.00000011920929,40.11475439725775,0.5,0.6230116648992577
grid,0,4,all_yes,grid,3,4003,28.79999876022339,39.73105018067098,0.484375,0.6330858960763521
grid,0,4,all_no,grid,3,4003,31.200000643730164,41.690803691848096,0.515625,0.6320254506892895
grid,0,4,cross,viper,3,4003,28.00000011920929,38.73121889338502,0.78125,0.7025450689289502
grid,0,4,cross,ilids,3,4003,27.20000147819519,37.7162005509965,0.6875,0.7555673382820784
grid,0,4,source,market1501,3,4003,23.999999463558197,36.87743403200086,0.765625,0.8722163308589608
grid,0,4,pseudo,grid,3,4003,29.600000381469727,40.54256698180306,0.796875,0.8382820784729587
grid,0,16,true,grid,0,16000,28.00000011920929,39.82982352888192,0.609375,0.6886699507389162
grid,0,16,shuffle,grid,0,16000,27.20000147819519,39.44260439666128,0.59375,0.6876847290640394
grid,0,16,flip,grid,0,16000,25.600001215934753,39.09313422489293,0.625,0.6901477832512315
grid,0,16,all_yes,grid,0,16000,28.79999876022339,40.00605978438273,0.59375,0.6852216748768474
grid,0,16,all_no,grid,0,16000,31.200000643730164,41.31552242010968,0.65625,0.6970443349753694
grid,0,16,cross,viper,0,16000,28.00000011920929,39.36173052837819,0.65625,0.7532019704433497
grid,0,16,cross,ilids,0,16000,28.00000011920929,38.77761339022715,0.640625,0.6935960591133005
grid,0,16,source,market1501,0,16000,28.00000011920929,39.77891064723371,0.84375,0.8665024630541871
grid,0,16,pseudo,grid,0,16000,28.00000011920929,39.684563620968675,0.734375,0.8290640394088671
grid,0,16,true,grid,1,16001,28.00000011920929,39.70730331665251,0.71875,0.7078817733990148
grid,0,16,shuffle,grid,1,16001,28.00000011920929,39.91557467238182,0.6875,0.7073891625615762
grid,0,16,flip,grid,1,16001,27.20000147819519,39.38887337202902,0.6875,0.7064039408866996
grid,0,16,all_yes,grid,1,16001,29.600000381469727,40.16240102900073,0.625,0.7216748768472907
grid,0,16,all_no,grid,1,16001,31.200000643730164,41.290658300626006,0.703125,0.6965517241379311
grid,0,16,cross,viper,1,16001,26.399999856948853,38.14842824933952,0.609375,0.6014778325123152
grid,0,16,cross,ilids,1,16001,28.79999876022339,39.64328724752933,0.734375,0.7847290640394089
grid,0,16,source,market1501,1,16001,26.399999856948853,38.74937028042393,0.8125,0.8344827586206897
grid,0,16,pseudo,grid,1,16001,26.399999856948853,39.17305617713454,0.71875,0.8103448275862069
grid,0,16,true,grid,2,16002,27.20000147819519,39.572815921285134,0.765625,0.8433497536945813
grid,0,16,shuffle,grid,2,16002,27.20000147819519,39.46071855072669,0.765625,0.8433497536945812
grid,0,16,flip,grid,2,16002,26.399999856948853,38.936815144860454,0.75,0.8428571428571429
grid,0,16,all_yes,grid,2,16002,27.20000147819519,38.86177921491431,0.734375,0.8399014778325122
grid,0,16,all_no,grid,2,16002,28.79999876022339,40.09837601321482,0.78125,0.8541871921182266
grid,0,16,cross,viper,2,16002,28.00000011920929,38.8863934576746,0.703125,0.8211822660098522
grid,0,16,cross,ilids,2,16002,30.399999022483826,40.1628120496642,0.78125,0.8359605911330048
grid,0,16,source,market1501,2,16002,27.20000147819519,38.73346178099392,0.765625,0.8364532019704434
grid,0,16,pseudo,grid,2,16002,28.00000011920929,39.21212719699493,0.875,0.9788177339901478
grid,0,16,true,grid,3,16003,28.79999876022339,40.30149801527701,0.6875,0.7822265625
grid,0,16,shuffle,grid,3,16003,27.20000147819519,39.00468925438555,0.6875,0.77880859375
grid,0,16,flip,grid,3,16003,28.00000011920929,39.69325726546566,0.6875,0.7822265625
grid,0,16,all_yes,grid,3,16003,27.20000147819519,38.95296516798666,0.6875,0.7802734375
grid,0,16,all_no,grid,3,16003,32.8000009059906,42.47333373043071,0.703125,0.77587890625
grid,0,16,cross,viper,3,16003,27.20000147819519,38.826149721867075,0.640625,0.64306640625
grid,0,16,cross,ilids,3,16003,29.600000381469727,39.949261985571226,0.796875,0.86279296875
grid,0,16,source,market1501,3,16003,26.399999856948853,38.94166053478996,0.6875,0.80908203125
grid,0,16,pseudo,grid,3,16003,28.00000011920929,39.2813970873353,0.765625,0.90625
ilids,0,0,zero,-,0,0,23.333333432674408,36.631114123166604,nan,nan
ilids,0,4,true,ilids,0,4000,61.666667461395264,73.07839635854343,0.84375,0.8582251082251082
ilids,0,4,shuffle,ilids,0,4000,61.666667461395264,72.44364106753812,0.828125,0.8820346320346321
ilids,0,4,flip,ilids,0,4000,60.00000238418579,71.57810206519885,0.84375,0.8798701298701298
ilids,0,4,all_yes,ilids,0,4000,58.33333134651184,70.46685027935028,0.78125,0.8327922077922079
ilids,0,4,all_no,ilids,0,4000,60.00000238418579,71.81873219373219,0.78125,0.8890692640692641
ilids,0,4,cross,viper,0,4000,60.00000238418579,72.44482053034686,0.78125,0.6672077922077921
ilids,0,4,cross,grid,0,4000,61.666667461395264,71.75629231879232,0.6875,0.5211038961038961
ilids,0,4,source,market1501,0,4000,60.00000238418579,71.80425158569174,0.6875,0.6168831168831168
ilids,0,4,pseudo,ilids,0,4000,63.333332538604736,74.0081599686863,0.84375,0.8798701298701299
ilids,0,4,true,ilids,1,4001,61.666667461395264,72.0567829506426,0.671875,0.6580063626723224
ilids,0,4,shuffle,ilids,1,4001,60.00000238418579,72.0690127773461,0.65625,0.6336161187698834
ilids,0,4,flip,ilids,1,4001,60.00000238418579,71.7940917107584,0.59375,0.623541887592789
ilids,0,4,all_yes,ilids,1,4001,58.33333134651184,70.49734093067427,0.671875,0.6484623541887593
ilids,0,4,all_no,ilids,1,4001,61.666667461395264,72.8294532627866,0.578125,0.6484623541887593
ilids,0,4,cross,viper,1,4001,58.33333134651184,71.62000152625153,0.6875,0.7020148462354189
ilids,0,4,cross,grid,1,4001,63.333332538604736,72.71996270810928,0.703125,0.7497348886532345
ilids,0,4,source,market1501,1,4001,60.00000238418579,71.53175542247553,0.515625,0.647932131495228
ilids,0,4,pseudo,ilids,1,4001,61.666667461395264,72.06904533844188,0.625,0.7401908801696713
ilids,0,4,true,ilids,2,4002,63.333332538604736,73.56383762436394,0.890625,0.9751984126984127
ilids,0,4,shuffle,ilids,2,4002,63.333332538604736,73.84995119259824,0.875,0.9766865079365079
ilids,0,4,flip,ilids,2,4002,60.00000238418579,71.99345561845563,0.875,0.9712301587301587
ilids,0,4,all_yes,ilids,2,4002,63.333332538604736,73.41416095981315,0.828125,0.9880952380952381
ilids,0,4,all_no,ilids,2,4002,64.99999761581421,74.68776778776778,0.90625,0.9593253968253969
ilids,0,4,cross,viper,2,4002,61.666667461395264,73.51656301731923,0.703125,0.6939484126984127
ilids,0,4,cross,grid,2,4002,60.00000238418579,70.66658369802387,0.71875,0.7420634920634921
ilids,0,4,source,market1501,2,4002,60.00000238418579,71.11248569438226,0.65625,0.5877976190476191
ilids,0,4,pseudo,ilids,2,4002,61.666667461395264,72.12272002526878,0.671875,0.8392857142857143
ilids,0,4,true,ilids,3,4003,61.666667461395264,72.16196994095544,0.6875,0.7555673382820784
ilids,0,4,shuffle,ilids,3,4003,61.666667461395264,72.2125220458554,0.703125,0.7645811240721102
ilids,0,4,flip,ilids,3,4003,60.00000238418579,71.0275958609292,0.703125,0.7120890774125133
ilids,0,4,all_yes,ilids,3,4003,58.33333134651184,69.98210123210124,0.65625,0.73966065747614
ilids,0,4,all_no,ilids,3,4003,60.00000238418579,70.9606782106782,0.65625,0.7168610816542947
ilids,0,4,cross,viper,3,4003,61.666667461395264,73.32474547057882,0.78125,0.7025450689289502
ilids,0,4,cross,grid,3,4003,63.333332538604736,73.13697181792826,0.484375,0.6394485683987274
ilids,0,4,source,market1501,3,4003,60.00000238418579,71.42456154956156,0.765625,0.8722163308589608
ilids,0,4,pseudo,ilids,3,4003,61.666667461395264,72.12475949975949,0.84375,0.9358430540827147
ilids,0,16,true,ilids,0,16000,64.99999761581421,74.1331106257577,0.640625,0.6935960591133005
ilids,0,16,shuffle,ilids,0,16000,60.00000238418579,71.7230052989857,0.640625,0.69064039408867
ilids,0,16,flip,ilids,0,16000,63.333332538604736,73.43210801544136,0.65625,0.6812807881773398
ilids,0,16,all_yes,ilids,0,16000,63.333332538604736,73.25284160284161,0.609375,0.6975369458128078
ilids,0,16,all_no,ilids,0,16000,63.333332538604736,73.86792328042327,0.65625,0.6788177339901478
ilids,0,16,cross,viper,0,16000,60.00000238418579,72.21600959032901,0.65625,0.7532019704433497
ilids,0,16,cross,grid,0,16000,63.333332538604736,73.5314524393294,0.609375,0.6886699507389162
ilids,0,16,source,market1501,0,16000,61.666667461395264,72.31601415154046,0.84375,0.8665024630541871
ilids,0,16,pseudo,ilids,0,16000,64.99999761581421,74.25800588300591,0.84375,0.9339901477832513
ilids,0,16,true,ilids,1,16001,63.333332538604736,73.73104981438313,0.734375,0.7847290640394089
ilids,0,16,shuffle,ilids,1,16001,61.666667461395264,72.58421970186676,0.734375,0.7807881773399014
ilids,0,16,flip,ilids,1,16001,60.00000238418579,71.48649643747682,0.71875,0.7827586206896552
ilids,0,16,all_yes,ilids,1,16001,63.333332538604736,73.96128439461773,0.703125,0.8009852216748768
ilids,0,16,all_no,ilids,1,16001,61.666667461395264,72.63405483405485,0.75,0.7724137931034483
ilids,0,16,cross,viper,1,16001,63.333332538604736,74.33157312036623,0.609375,0.6014778325123152
ilids,0,16,cross,grid,1,16001,60.00000238418579,71.76037157287158,0.71875,0.7078817733990148
ilids,0,16,source,market1501,1,16001,61.666667461395264,71.85984848484848,0.8125,0.8344827586206897
ilids,0,16,pseudo,ilids,1,16001,63.333332538604736,74.05511463844799,0.78125,0.9216748768472907
ilids,0,16,true,ilids,2,16002,61.666667461395264,72.66578936676976,0.78125,0.8359605911330048
ilids,0,16,shuffle,ilids,2,16002,63.333332538604736,73.26021046854379,0.734375,0.8344827586206895
ilids,0,16,flip,ilids,2,16002,63.333332538604736,73.2285245618579,0.71875,0.8266009852216749
ilids,0,16,all_yes,ilids,2,16002,63.333332538604736,73.64619824619825,0.71875,0.8305418719211822
ilids,0,16,all_no,ilids,2,16002,63.333332538604736,73.49411375661376,0.75,0.8379310344827586
ilids,0,16,cross,viper,2,16002,63.333332538604736,73.8957148109447,0.703125,0.8211822660098522
ilids,0,16,cross,grid,2,16002,63.333332538604736,73.22524697524699,0.765625,0.8433497536945813
ilids,0,16,source,market1501,2,16002,60.00000238418579,71.1765873015873,0.765625,0.8364532019704434
ilids,0,16,pseudo,ilids,2,16002,64.99999761581421,74.03275613275613,0.796875,0.9428571428571428
ilids,0,16,true,ilids,3,16003,63.333332538604736,73.67003666268371,0.796875,0.86279296875
ilids,0,16,shuffle,ilids,3,16003,61.666667461395264,72.58444016042056,0.78125,0.8583984375
ilids,0,16,flip,ilids,3,16003,61.666667461395264,72.72332904930946,0.796875,0.861328125
ilids,0,16,all_yes,ilids,3,16003,61.666667461395264,72.55255408010282,0.828125,0.86767578125
ilids,0,16,all_no,ilids,3,16003,60.00000238418579,72.06587301587302,0.796875,0.859375
ilids,0,16,cross,viper,3,16003,61.666667461395264,73.31218781218783,0.640625,0.64306640625
ilids,0,16,cross,grid,3,16003,63.333332538604736,72.91961817436203,0.6875,0.7822265625
ilids,0,16,source,market1501,3,16003,60.00000238418579,71.14198879823881,0.6875,0.80908203125
ilids,0,16,pseudo,ilids,3,16003,63.333332538604736,72.7496336996337,0.796875,0.9169921875
