prompt,eval_group,mAP,rank1
VPT,market1501|g0,95.81434708159851,97.27891087532043
VPT,market1501|g1,96.95204487856375,99.09909963607788
VPT,msmt17|g0,91.92666789306425,94.62365508079529
VPT,msmt17|g1,92.78989077947585,95.333331823349
VPT,msmt17|g2,89.01744804949725,92.30769276618958
VPT,msmt17|g3,81.07547392586699,87.95180916786194
market1501|g0,market1501|g0,94.86058434915742,95.23809552192688
market1501|g0,market1501|g1,96.44451340195694,98.19819927215576
market1501|g0,msmt17|g0,90.52108277492648,92.4731194972992
market1501|g0,msmt17|g1,92.30498303738753,93.33333373069763
market1501|g0,msmt17|g2,87.81753684167566,92.30769276618958
market1501|g0,msmt17|g3,79.63918690712632,85.54216623306274
market1501|g1,market1501|g0,93.80609567798327,94.55782175064087
market1501|g1,market1501|g1,97.08058568530143,98.19819927215576
market1501|g1,msmt17|g0,87.72289578688739,89.24731016159058
market1501|g1,msmt17|g1,90.48629601354871,92.66666769981384
market1501|g1,msmt17|g2,85.10163833509216,88.46153616905212
market1501|g1,msmt17|g3,77.25685451574759,81.92771077156067
msmt17|g0,market1501|g0,93.27518642243106,95.23809552192688
msmt17|g0,market1501|g1,95.0323230307047,96.39639854431152
msmt17|g0,msmt17|g0,93.24970131421745,94.62365508079529
msmt17|g0,msmt17|g1,92.02121755807389,93.99999976158142
msmt17|g0,msmt17|g2,85.8456234337044,84.61538553237915
msmt17|g0,msmt17|g3,77.92471663829366,87.95180916786194
msmt17|g1,market1501|g0,94.24116166505064,95.91836929321289
msmt17|g1,market1501|g1,94.61903621398643,96.39639854431152
msmt17|g1,msmt17|g0,91.47274028720045,91.39785170555115
msmt17|g1,msmt17|g1,93.69240048643637,96.66666388511658
msmt17|g1,msmt17|g2,89.23595110087047,92.30769276618958
msmt17|g1,msmt17|g3,80.45964646363419,86.74699068069458
msmt17|g2,market1501|g0,93.65041038354642,94.55782175064087
msmt17|g2,market1501|g1,93.09923841994674,94.59459185600281
msmt17|g2,msmt17|g0,85.32587885431556,89.24731016159058
msmt17|g2,msmt17|g1,90.01291681773239,92.00000166893005
msmt17|g2,msmt17|g2,90.46210733710734,96.15384340286255
msmt17|g2,msmt17|g3,77.463392051471,85.54216623306274
msmt17|g3,market1501|g0,94.58923873011963,95.91836929321289
msmt17|g3,market1501|g1,94.49957141042165,96.39639854431152
msmt17|g3,msmt17|g0,89.98174325036904,92.4731194972992
msmt17|g3,msmt17|g1,90.71280388264306,92.00000166893005
msmt17|g3,msmt17|g2,85.28074548907883,84.61538553237915
msmt17|g3,msmt17|g3,81.99346489348474,89.1566276550293
