domain,strategy,round,n,n_queries,n_queries_std,n_pos,n_pos_std,true_ids,true_ids_std,purity,purity_std,pw_prec,pw_prec_std,pw_rec,pw_rec_std,pw_f,pw_f_std,nmi,nmi_std,pseudo_clusters,pseudo_clusters_std,pseudo_outliers,pseudo_outliers_std,pseudo_split_ids,pseudo_split_ids_std,round_pos_rate,round_pos_rate_std,d_pw_f,d_true_ids,d_n_pos,exp_change,exp_change_std
cuhk03,cover,1,3,200.0,0.0,21.666666666666668,4.642796092394706,21.666666666666668,4.642796092394706,1.0,0.0,0.1520742255264642,0.0016926927331695723,0.7440439002040901,0.0015988252503368737,0.2525273129830528,0.002251650294602421,0.8928664849705122,1.5757194473733312e-05,556.3333333333334,1.247219128924647,0.01918204849800938,6.397998382074168e-05,329.0,2.449489742783178,0.10833333333333334,0.023213980461973538,-0.04304853072669376,-19.666666666666668,-20.666666666666668,,
cuhk03,cover,2,3,400.0,0.0,46.0,2.8284271247461903,42.0,2.943920288775949,1.0,0.0,0.1824707714461907,0.020407076756214868,0.73494314632013,0.0038927299419464815,0.291713025675594,0.026369531046924518,0.8933095059255661,0.0004810830577326728,560.0,1.632993161855452,0.01891060441549038,0.0002306831122689535,345.0,4.08248290463863,0.12166666666666669,0.03472111109333277,-0.002571210940723804,-36.333333333333336,-36.0,,
cuhk03,cover,3,3,600.0,0.0,67.66666666666667,5.734883511361751,60.333333333333336,6.128258770283412,1.0,0.0,0.18255014945851467,0.0200226440097696,0.7314548710900078,0.005648824950155533,0.2915382614484147,0.025684862754350155,0.8927501590381924,0.00024403736861985869,560.3333333333334,1.247219128924647,0.01891060441549038,0.0002306831122689535,356.3333333333333,7.845734863959881,0.10833333333333334,0.016996731711975948,-0.0018311468265693187,-56.666666666666664,-57.333333333333336,,
cuhk03,cover,4,3,800.0,0.0,88.33333333333333,10.370899457402697,77.0,9.273618495495704,1.0,0.0,0.19452422197850594,0.007930131840960824,0.7304760714731975,0.006333133884273533,0.30711118629046075,0.009452629433429782,0.893028686693755,0.0007399507128929076,559.0,1.632993161855452,0.0187748823742309,0.00023068311226893896,359.6666666666667,6.548960901462833,0.10333333333333335,0.02867441755680876,0.02508748167360751,-81.66666666666667,-88.66666666666667,,
cuhk03,cover,5,3,1000.0,0.0,109.66666666666667,7.363574011458175,91.0,6.683312551921141,1.0,0.0,0.19650464466348272,0.003439485031458831,0.7229164063476196,0.0034838742275598742,0.308988755629529,0.004023549482953342,0.8920572810069994,0.0009888802982804849,560.6666666666666,1.8856180831641267,0.018639160332971378,0.00023068311226895347,373.0,2.943920288775949,0.10666666666666669,0.02494438257849295,0.023114524624077926,-103.33333333333333,-117.33333333333333,,
cuhk03,none,1,3,0.0,0.0,0.0,0.0,0.0,0.0,,,0.15191426908575623,0.0,0.7501561914282145,1.1102230246251565e-16,0.25266192500315643,0.0,0.8920351444321079,0.0,546.0,0.0,0.019272529858849086,0.0,317.0,0.0,,,-0.04291391870659017,-41.333333333333336,-42.333333333333336,,
cuhk03,none,2,3,0.0,0.0,0.0,0.0,0.0,0.0,,,0.15191426908575623,0.0,0.7501561914282145,1.1102230246251565e-16,0.25266192500315643,0.0,0.8920351444321079,0.0,546.0,0.0,0.019272529858849086,0.0,317.0,0.0,,,-0.04162231161316136,-78.33333333333333,-82.0,,
cuhk03,none,3,3,0.0,0.0,0.0,0.0,0.0,0.0,,,0.15191426908575623,0.0,0.7501561914282145,1.1102230246251565e-16,0.25266192500315643,0.0,0.8920351444321079,0.0,546.0,0.0,0.019272529858849086,0.0,317.0,0.0,,,-0.040707483271827584,-117.0,-125.0,,
cuhk03,none,4,3,0.0,0.0,0.0,0.0,0.0,0.0,,,0.15191426908575623,0.0,0.7501561914282145,1.1102230246251565e-16,0.25266192500315643,0.0,0.8920351444321079,0.0,546.0,0.0,0.019272529858849086,0.0,317.0,0.0,,,-0.02936177961369683,-158.66666666666666,-177.0,,
cuhk03,none,5,3,0.0,0.0,0.0,0.0,0.0,0.0,,,0.15191426908575623,0.0,0.7501561914282145,1.1102230246251565e-16,0.25266192500315643,0.0,0.8920351444321079,0.0,546.0,0.0,0.019272529858849086,0.0,317.0,0.0,,,-0.03321230600229467,-194.33333333333334,-227.0,,
cuhk03,random,1,3,200.0,0.0,42.333333333333336,4.4969125210773475,41.333333333333336,4.921607686744467,1.0,0.0,0.18578208714517372,0.010655735838799234,0.7244679078678828,0.006293530478424749,0.2955758437097466,0.013707123721156322,0.8940425725610576,0.0003705483314711412,571.0,6.97614984548545,0.019272529858849086,0.0,361.3333333333333,6.79869268479038,0.21166666666666667,0.022484562605386733,0.0,0.0,0.0,,
cuhk03,random,2,3,400.0,0.0,82.0,5.715476066494082,78.33333333333333,5.90668171555645,1.0,0.0,0.1856168757400459,0.011945377598481351,0.7124932317047774,0.0050512306811283875,0.2942842366163178,0.014821013481891477,0.8930282505308105,0.0007698590186538563,579.3333333333334,5.185449728701348,0.0190463264567499,0.00016927512607556916,385.0,4.546060565661952,0.19833333333333333,0.01247219128924647,0.0,0.0,0.0,,
cuhk03,random,3,3,600.0,0.0,125.0,3.265986323710904,117.0,3.559026084010437,1.0,0.0,0.18543315422631734,0.004225898975679498,0.7023095505851972,0.0038386530513718786,0.29336940827498403,0.0051947177722497006,0.891141422969596,0.0005059732115034075,579.0,6.683312551921141,0.018955845095910234,0.00027888228388389024,405.6666666666667,6.182412330330469,0.215,0.0187082869338697,0.0,0.0,0.0,,
cuhk03,random,4,3,800.0,0.0,177.0,7.874007874011811,158.66666666666666,7.133644853010899,1.0,0.0,0.1769905481702382,0.0052169634438274295,0.6943333749843809,0.005002874269735295,0.2820237046168533,0.006343530842218296,0.8895311649467832,0.0006758146649737792,581.0,3.559026084010437,0.018955845095910234,0.00027888228388389024,418.6666666666667,5.557777333511022,0.26,0.02483277404291891,0.0,0.0,0.0,,
cuhk03,random,5,3,1000.0,0.0,227.0,9.41629792788369,194.33333333333334,5.2493385826745405,1.0,0.0,0.1807294107730075,0.008798315320325248,0.6850764296722063,0.0035635690386467927,0.2858742310054511,0.010691681849992817,0.8877132908861215,0.00044540592310487125,582.6666666666666,1.699673171197595,0.018865363735070566,0.00029319311882049595,434.3333333333333,3.299831645537222,0.25,0.020412414523193156,0.0,0.0,0.0,,
cuhk03,repair,1,3,200.0,0.0,21.666666666666668,0.4714045207910317,21.666666666666668,0.4714045207910317,1.0,0.0,0.1758401855701587,0.013412281059216217,0.7585176392186264,0.0009879510823550008,0.28523178236099994,0.01780257229211223,0.8962641929270098,0.0009569332987708192,539.3333333333334,1.247219128924647,0.019272529858849086,0.0,309.3333333333333,1.699673171197595,0.10833333333333334,0.0023570226039551605,-0.010344061348746695,-19.666666666666668,-20.666666666666668,1436.1456729976273,10.816940986626818
cuhk03,repair,2,3,400.0,0.0,112.0,0.816496580927726,106.0,0.816496580927726,1.0,0.0,0.2206402465065923,0.008242367438849919,0.7130763463701113,0.0017304619315930579,0.3369079308286931,0.009493386177711347,0.9061103281290456,0.00011296602883322461,637.6666666666666,0.9428090415820634,0.019272529858849086,0.0,377.0,2.160246899469287,0.45166666666666666,0.0023570226039551605,0.04262369421237525,27.666666666666668,30.0,1068.8954548053732,8.56825262987795
cuhk03,repair,3,3,600.0,0.0,188.66666666666666,0.4714045207910317,181.66666666666666,0.4714045207910317,1.0,0.0,0.2345164442904646,0.0035363978964751425,0.7032987629638886,0.0003345074431298343,0.35172900277091473,0.004019761759872407,0.907059208825225,0.000522555167097369,654.6666666666666,1.699673171197595,0.019272529858849086,0.0,390.0,1.4142135623730951,0.3833333333333333,0.004714045207910321,0.05835959449593072,64.66666666666667,63.666666666666664,850.743065579677,7.9343006272357
cuhk03,repair,4,3,800.0,0.0,263.6666666666667,1.699673171197595,247.66666666666666,1.699673171197595,1.0,0.0,0.24017661775151677,0.0016376507684652548,0.700247823732767,0.0013424792323336577,0.35767162101888905,0.0018252719670981805,0.9081702473034529,0.00018986012670618876,669.0,1.632993161855452,0.0190463264567499,6.397998382068935e-05,396.3333333333333,1.699673171197595,0.375,0.007071067811865481,0.07564791640203583,89.0,86.66666666666667,874.4966354367531,7.977614270969805
cuhk03,repair,5,3,1000.0,0.0,339.3333333333333,0.9428090415820634,306.6666666666667,1.247219128924647,1.0,0.0,0.2363962934261864,0.0005931948983613309,0.6975196801199551,0.0009822276099191543,0.35311709361004334,0.000695206397126243,0.908346949157628,9.368493140857633e-05,679.3333333333334,2.6246692913372702,0.018639160332971378,6.397998382074168e-05,403.6666666666667,0.4714045207910317,0.37833333333333335,0.006236095644623242,0.06724286260459227,112.33333333333333,112.33333333333333,880.7254511165191,3.2975883103369146
cuhk03,repair_random,1,3,200.0,0.0,39.666666666666664,0.4714045207910317,39.333333333333336,0.4714045207910317,1.0,0.0,0.15265471337063616,0.00036644214599998107,0.7482402432421176,0.0019592047991090476,0.25357512634536694,0.0005595853681777906,0.8932601306319481,0.0005606415129413284,560.0,1.4142135623730951,0.019001085776330084,0.0,322.0,3.265986323710904,0.19833333333333333,0.0023570226039551605,-0.042000717364379624,-2.0,-2.6666666666666665,394.5901949475221,48.32878040506462
cuhk03,repair_random,2,3,400.0,0.0,82.33333333333333,1.247219128924647,80.66666666666667,2.0548046676563256,1.0,0.0,0.15374323886493182,0.00021239918853595936,0.7461368653421633,0.001548388545582142,0.25495241844380373,0.00020210506842952618,0.8945621444599731,0.0002152209499251936,571.6666666666666,1.699673171197595,0.018820123054650712,0.00016927512607556916,327.3333333333333,2.8674417556808756,0.21333333333333335,0.004714045207910321,-0.03933181817251402,2.3333333333333335,0.3333333333333333,139.4934498410441,23.891834325259435
cuhk03,repair_random,3,3,600.0,0.0,122.66666666666667,3.39934634239519,116.66666666666667,1.247219128924647,1.0,0.0,0.15563081428038103,0.0007474833830253084,0.7453975592486151,0.002378535574263558,0.2574978843719407,0.0010801806375757422,0.8958682177689469,0.0009337943025411388,578.3333333333334,3.0912061651652345,0.018684401013391232,0.00023068311226895347,330.0,4.546060565661952,0.20166666666666666,0.018408935028645438,-0.03587152390304332,-0.3333333333333333,-2.3333333333333335,159.28064885567497,18.577263007703664
cuhk03,repair_random,4,3,800.0,0.0,162.33333333333334,3.299831645537222,150.33333333333334,3.2998316455372216,1.0,0.0,0.1576951149233692,0.0014752790383524962,0.741940522304136,0.004377225878622514,0.26009961291678013,0.0018985412461351796,0.8971725984637597,0.00139266724465926,589.3333333333334,8.178562764256865,0.01841295693087223,6.397998382074168e-05,335.3333333333333,7.586537784494029,0.19833333333333333,0.020138409955990946,-0.021924091700073072,-8.333333333333334,-14.666666666666666,157.04217091394233,16.516269647531928
cuhk03,repair_random,5,3,1000.0,0.0,200.66666666666666,5.2493385826745405,183.0,2.943920288775949,1.0,0.0,0.15873566205320547,0.0008811591812171906,0.7416906160189929,0.002480642471084855,0.261501872228224,0.0010916698943586552,0.8982008004477446,0.001077324557955421,598.0,9.41629792788369,0.018186753528773043,0.00011081658264491401,337.6666666666667,2.8674417556808756,0.19166666666666665,0.010274023338281625,-0.024372358777227116,-11.333333333333334,-26.333333333333332,145.9042886509535,27.052336371941617
