domain,split,train_domain,condition,k,rank1,mAP,loss_start,loss_end,delta_norm
viper,0,viper,zero,0,37.025317549705505,46.987573991929054,,,
viper,0,viper,vicp,16,60.44303774833679,68.95526805865858,,,
viper,0,viper,opt_k4,4,61.07594966888428,69.63232614641089,0.010535248834639788,0.0011350372806191444,0.05012925476802206
viper,0,viper,opt_k16,16,62.02531456947327,72.14316857084906,0.04354603132233024,0.003619042376521975,0.10887511719083892
viper,0,viper,opt_all,316,70.56962251663208,79.32210617499493,0.07688465733081103,0.040295828506350516,0.11207373174977399
viper,1,viper,zero,0,36.70886158943176,46.10503972768832,,,
viper,1,viper,vicp,16,61.70886158943176,70.91154881065258,,,
viper,1,viper,opt_k4,4,65.5063271522522,73.6541224474633,0.012879166146740317,8.283802308142185e-05,0.054311434213203745
viper,1,viper,opt_k16,16,66.13923907279968,73.75677923542766,0.08219043649733067,0.00375282991444692,0.12229218715500813
viper,1,viper,opt_all,316,70.2531635761261,79.41252011695461,0.07772319819778203,0.04440408851951361,0.1104977534197273
viper,2,viper,zero,0,35.44303774833679,45.302096665118,,,
viper,2,viper,vicp,16,57.278478145599365,67.04603847565453,,,
viper,2,viper,opt_k4,4,57.59493708610535,67.74254700707021,0.0225761691108346,0.0,0.06499223656150717
viper,2,viper,opt_k16,16,58.544301986694336,69.0053860945992,0.022450944455340505,0.001980414637364447,0.09389000430093213
viper,2,viper,opt_all,316,68.35442781448364,78.37277698010612,0.07847899422049523,0.04326261077076197,0.11647462952919056
grid,0,grid,zero,0,23.19999933242798,30.62966647978226,,,
grid,0,grid,vicp,16,40.00000059604645,50.35219048453675,,,
grid,0,grid,opt_k4,4,42.399999499320984,53.38988498063597,0.018777302047237755,0.0028667886275798083,0.06642962694057002
grid,0,grid,opt_k16,16,45.60000002384186,57.643946203348484,0.06054329490289092,0.004914628725964576,0.11581718834440707
grid,0,grid,opt_all,125,51.20000243186951,62.938500701668964,0.08321701698005199,0.04049736745655537,0.12287925846817908
grid,1,grid,zero,0,16.79999977350235,25.36502909890836,,,
grid,1,grid,vicp,16,36.800000071525574,46.80118318448999,,,
grid,1,grid,opt_k4,4,37.59999871253967,49.06676957174575,0.007293104846030474,0.00032403897494077684,0.051856760908293664
grid,1,grid,opt_k16,16,43.20000112056732,52.7666255915062,0.04822217524051666,0.0041672930819913745,0.10713029787413982
grid,1,grid,opt_all,125,51.20000243186951,60.57497841413283,0.07972911391407252,0.03475010208785534,0.12229775785454138
grid,2,grid,zero,0,22.40000069141388,29.11138209884159,,,
grid,2,grid,vicp,16,45.60000002384186,53.090717908392605,,,
grid,2,grid,opt_k4,4,45.60000002384186,53.71973573038331,0.05060202945023775,0.0026246340945363044,0.07908669641592715
grid,2,grid,opt_k16,16,47.999998927116394,55.016335323430056,0.0755002435296774,0.005537228879984468,0.12202543838117971
grid,2,grid,opt_all,125,51.99999809265137,60.80835604268701,0.08579360637813807,0.04309342131018638,0.12679594900413887
ilids,0,ilids,zero,0,55.000001192092896,66.11956845470779,,,
ilids,0,ilids,vicp,16,69.9999988079071,80.19989106753812,,,
ilids,0,ilids,opt_k4,4,71.66666388511658,80.7936507936508,0.02563293296843767,0.0027296415530145167,0.06863688821270593
ilids,0,ilids,opt_k16,16,83.33333134651184,87.62854737854738,0.04073959663510322,0.0026717886910773815,0.1109327582000927
ilids,0,ilids,opt_all,59,88.33333253860474,90.86296296296297,0.07467608470469714,0.040321532636880875,0.12347022018497943
ilids,1,ilids,zero,0,44.999998807907104,61.84012515262515,,,
ilids,1,ilids,vicp,16,78.33333611488342,85.81481481481482,,,
ilids,1,ilids,opt_k4,4,80.0000011920929,86.55892255892257,0.033038913272321224,0.0012136618606746197,0.07936401896320011
ilids,1,ilids,opt_k16,16,80.0000011920929,85.91476034858387,0.06725773792713881,0.003282041964121163,0.13155439192988025
ilids,1,ilids,opt_all,59,81.66666626930237,88.2037037037037,0.08227705471217632,0.048671434819698337,0.12849854976982233
ilids,2,ilids,zero,0,50.0,62.819913232413235,,,
ilids,2,ilids,vicp,16,69.9999988079071,79.15509259259258,,,
ilids,2,ilids,opt_k4,4,68.33333373069763,78.36844636844637,0.005320484470576048,0.0003744666464626789,0.055537673598730554
ilids,2,ilids,opt_k16,16,69.9999988079071,79.47790404040404,0.051504180394113065,0.0031858689384534956,0.12224935423783416
ilids,2,ilids,opt_all,59,78.33333611488342,85.18650793650795,0.07534451447427273,0.04368167063221336,0.11623599900588652
grid,0,viper,cross,0,42.399999499320984,52.685932403009126,,,
ilids,0,viper,cross,0,71.66666388511658,81.33432539682539,,,
viper,0,grid,cross,0,51.898735761642456,61.522483903856894,,,
ilids,0,grid,cross,0,76.66666507720947,81.80357142857143,,,
viper,0,ilids,cross,0,62.02531456947327,69.7049584490717,,,
grid,0,ilids,cross,0,40.00000059604645,50.79091210943528,,,
grid,1,viper,cross,0,38.40000033378601,48.170209015801966,,,
ilids,1,viper,cross,0,76.66666507720947,83.83653846153845,,,
viper,1,grid,cross,0,53.797465562820435,64.00827813772216,,,
ilids,1,grid,cross,0,78.33333611488342,85.62883597883598,,,
viper,1,ilids,cross,0,59.17721390724182,69.37733628300444,,,
grid,1,ilids,cross,0,40.00000059604645,50.834113123729644,,,
grid,2,viper,cross,0,45.60000002384186,54.35173993907257,,,
ilids,2,viper,cross,0,69.9999988079071,79.16854904354904,,,
viper,2,grid,cross,0,53.48101258277893,63.134914826619394,,,
ilids,2,grid,cross,0,71.66666388511658,80.05637254901961,,,
viper,2,ilids,cross,0,57.59493708610535,68.12307786205164,,,
grid,2,ilids,cross,0,47.999998927116394,55.69053113189531,,,
