domain,strategy,seed,round,n_queries,n_pos,n_neg,n_inferred,n_clusters,n_cluster_imgs,n_labeled_imgs,n_anchors,true_ids,purity,split_ids,pseudo_clusters,pseudo_outliers,pw_prec,pw_rec,pw_f,nmi,pseudo_split_ids,t_query,tau,dup_tau,n_candidates,cand_mutual,round_pos_rate,n_merge_q,n_split_q,exp_change
market1501,none,0,1,0,0,0,0,0,0,0,0,0,nan,0,528,0.03153988868274582,0.37752790053179536,0.8147761485562642,0.515976992618785,0.9248926467451243,255,4.9076597690582275,,,,,,,,
market1501,none,0,2,0,0,0,0,0,0,0,0,0,nan,0,528,0.03153988868274582,0.37752790053179536,0.8147761485562642,0.515976992618785,0.9248926467451243,255,0.5847792625427246,,,,,,,,
market1501,none,0,3,0,0,0,0,0,0,0,0,0,nan,0,528,0.03153988868274582,0.37752790053179536,0.8147761485562642,0.515976992618785,0.9248926467451243,255,0.7117047309875488,,,,,,,,
market1501,none,0,4,0,0,0,0,0,0,0,0,0,nan,0,528,0.03153988868274582,0.37752790053179536,0.8147761485562642,0.515976992618785,0.9248926467451243,255,1.468445062637329,,,,,,,,
market1501,none,0,5,0,0,0,0,0,0,0,0,0,nan,0,528,0.03153988868274582,0.37752790053179536,0.8147761485562642,0.515976992618785,0.9248926467451243,255,0.8301482200622559,,,,,,,,
market1501,repair,0,1,200,19,181,0,19,38,400,0,19,1.0,0,528,0.03153988868274582,0.38997576503384107,0.8367133879799824,0.5319977645353381,0.9274163098173782,249,8.80884337425232,0.4910662770271301,0.4910662770271301,3210,0.0,0.095,181,19,2714.846469639265
market1501,repair,0,2,400,137,263,25,136,273,635,0,135,1.0,1,598,0.03153988868274582,0.4525126630389788,0.8099199159420485,0.5806235106940316,0.9326502620202275,303,3.599395275115967,0.5566308498382568,0.4910662770271301,3172,0.0,0.59,18,182,1300.3983528176796
market1501,repair,0,3,600,233,367,182,230,463,875,0,225,1.0,5,599,0.03130797773654914,0.456717154462286,0.8103577177727337,0.5841869001866963,0.9323490989503728,306,4.096437215805054,0.5388211905956268,0.4910662770271301,3730,0.0,0.48,137,63,1425.812322253853
market1501,repair,0,4,800,310,490,467,302,612,1045,0,290,1.0,12,606,0.030844155844155896,0.4835024670329231,0.8144663195683948,0.6067888209510571,0.9337165241845813,315,4.2077717781066895,0.5433139503002167,0.4910662770271301,3829,0.0,0.385,145,55,1529.8817907888479
market1501,repair,0,5,1000,346,654,885,331,677,1130,0,312,1.0,19,613,0.030612244897959218,0.5386646447526872,0.8134627430642087,0.6481395517321878,0.9355602661416447,330,3.7755041122436523,0.5943246781826019,0.4910662770271301,4036,0.0,0.18,131,69,1487.9536186316082
market1501,repair_random,0,1,200,52,148,0,52,104,400,0,52,1.0,0,546,0.030921459492888048,0.3810197719901534,0.8142103738827634,0.5191138327292715,0.9261153810129357,260,8.587012767791748,0.4910662770271301,0.4910662770271301,3210,0.0,0.26,138,62,583.02025574513
market1501,repair_random,0,2,400,110,290,14,108,218,620,0,106,1.0,2,558,0.030071119356833598,0.3874437925027053,0.822353487933508,0.5267258561333575,0.9277017020045512,265,3.5050413608551025,0.5311364531517029,0.4910662770271301,3508,0.0,0.29,139,61,302.0614571096959
market1501,repair_random,0,3,600,171,429,49,166,337,784,0,160,1.0,6,566,0.029375386518243674,0.4081117373061558,0.8208716971219581,0.5451780146634518,0.9288241756026243,275,4.74755859375,0.5324711501598358,0.4910662770271301,3610,0.0,0.305,144,56,290.6553567884874
market1501,repair_random,0,4,800,232,568,101,219,451,918,0,212,1.0,7,570,0.0287569573283859,0.404263999124381,0.8209525220753154,0.5417516723337111,0.9283748512829283,280,3.5878381729125977,0.5207187533378601,0.4910662770271301,3671,0.0,0.305,146,54,372.6916298829343
market1501,repair_random,0,5,1000,291,709,185,272,563,1041,0,261,1.0,11,576,0.028061224489795866,0.41907211354970036,0.8209121095986368,0.5548802418381888,0.9288596436160133,282,4.699909925460815,0.5207187533378601,0.4910662770271301,3667,0.0,0.295,141,59,337.8513544677586
market1501,random,0,1,200,133,67,0,128,261,394,0,114,1.0,14,528,0.03130797773654914,0.42920084548839554,0.8260647003751624,0.5648966770377297,0.9254873115279924,276,8.969107627868652,0.4910662770271301,0.4910662770271301,91249,0.4176593716095519,0.665,,,
market1501,random,0,2,400,266,134,0,248,514,771,0,193,1.0,55,537,0.031153370439084727,0.439306441780859,0.8203193932740168,0.5721883177592048,0.9254802209695019,291,3.312661647796631,0.6105191111564636,0.4910662770271301,91249,0.4176593716095519,0.665,,,
market1501,random,0,3,600,387,213,0,361,748,1142,0,251,1.0,110,538,0.031076066790352463,0.41140149486417615,0.812270575002189,0.5461746443662451,0.9204077685458715,317,3.603339910507202,0.6135464310646057,0.4910662770271301,91249,0.4176593716095519,0.605,,,
market1501,random,0,4,800,516,284,1,471,987,1502,0,301,1.0,170,541,0.030766852195423633,0.39697686395559767,0.8151061837824731,0.5339210002691267,0.9200489958404398,328,3.885650157928467,0.6330408751964569,0.4910662770271301,91249,0.4176593716095519,0.645,,,
market1501,random,0,5,1000,634,366,2,564,1198,1851,0,332,1.0,232,546,0.03045763760049469,0.40057038106951476,0.8050771541533923,0.5349657391701316,0.9190865610303984,340,3.9149694442749023,0.6352919936180115,0.4910662770271301,91249,0.4176593716095519,0.59,,,
market1501,cover,0,1,200,50,150,0,50,100,400,0,50,1.0,0,529,0.031153370439084727,0.3796933951899958,0.8147492069051452,0.5179903865711748,0.9249727688649129,259,13.07802414894104,0.4910662770271301,0.4910662770271301,91249,0.4176593716095519,0.25,,,
market1501,cover,0,2,400,99,301,168,98,197,783,0,85,1.0,13,533,0.03068954854669137,0.3663153139587412,0.8192619334675926,0.5062651008596954,0.9247616103199809,270,10.77767300605774,0.490768164396286,0.4910662770271301,91249,0.4176593716095519,0.245,,,
market1501,cover,0,3,600,144,456,248,135,279,1114,0,112,1.0,23,532,0.029761904761904767,0.36682189364837764,0.8181169132950313,0.506529440342621,0.9246012000115087,273,20.13417387008667,0.4936828911304474,0.4910662770271301,91249,0.4176593716095519,0.225,,,
market1501,cover,0,4,800,201,599,386,188,389,1474,0,139,1.0,49,537,0.029452690166975937,0.3596115894962042,0.817416430365935,0.4994824538478476,0.9235346669228336,280,14.770005226135254,0.4938719570636749,0.4910662770271301,91249,0.4176593716095519,0.285,,,
market1501,cover,0,5,1000,254,746,400,226,480,1763,0,161,1.0,65,538,0.0287569573283859,0.38017652777866034,0.8059325515764234,0.5166415878861934,0.9222392611780053,294,8.281971454620361,0.5060728788375854,0.4910662770271301,91249,0.4176593716095519,0.265,,,
market1501,none,1,1,0,0,0,0,0,0,0,0,0,nan,0,528,0.03153988868274582,0.37752790053179536,0.8147761485562642,0.515976992618785,0.9248926467451243,255,7.82969856262207,,,,,,,,
market1501,none,1,2,0,0,0,0,0,0,0,0,0,nan,0,528,0.03153988868274582,0.37752790053179536,0.8147761485562642,0.515976992618785,0.9248926467451243,255,0.912595272064209,,,,,,,,
market1501,none,1,3,0,0,0,0,0,0,0,0,0,nan,0,528,0.03153988868274582,0.37752790053179536,0.8147761485562642,0.515976992618785,0.9248926467451243,255,1.1908233165740967,,,,,,,,
market1501,none,1,4,0,0,0,0,0,0,0,0,0,nan,0,528,0.03153988868274582,0.37752790053179536,0.8147761485562642,0.515976992618785,0.9248926467451243,255,0.9504415988922119,,,,,,,,
market1501,none,1,5,0,0,0,0,0,0,0,0,0,nan,0,528,0.03153988868274582,0.37752790053179536,0.8147761485562642,0.515976992618785,0.9248926467451243,255,0.6965293884277344,,,,,,,,
market1501,repair,1,1,200,19,181,0,19,38,400,0,19,1.0,0,528,0.03153988868274582,0.38997576503384107,0.8367133879799824,0.5319977645353381,0.9274163098173782,249,9.741198301315308,0.49076586961746216,0.49076586961746216,3210,0.0,0.095,181,19,2718.1997200344977
market1501,repair,1,2,400,136,264,25,135,271,635,0,134,1.0,1,599,0.03153988868274582,0.4525363382486884,0.8098525618142508,0.580625689637272,0.9326377235862718,304,4.6260316371917725,0.5566308498382568,0.49076586961746216,3172,0.0,0.585,18,182,1300.2504339078669
market1501,repair,1,3,600,232,368,180,229,461,873,0,224,1.0,5,599,0.031385281385281405,0.45670149276396715,0.8102499511682574,0.5841460838656577,0.9323080028024752,307,4.51354193687439,0.5388211905956268,0.49076586961746216,3742,0.0,0.48,137,63,1421.273971662342
market1501,repair,1,4,800,309,491,466,301,610,1043,0,289,1.0,12,606,0.030844155844155896,0.4837194226467493,0.8141834322316444,0.6068810747851233,0.9335871431140299,318,4.621602535247803,0.5433139503002167,0.49076586961746216,3705,0.0,0.385,142,58,1523.951331633082
market1501,repair,1,5,1000,346,654,886,331,677,1130,0,311,1.0,20,615,0.030534941249226955,0.5389048991354467,0.8136513346220423,0.6483733237438646,0.9356825588734514,329,5.913554430007935,0.5943246781826019,0.49076586961746216,3937,0.0,0.185,130,70,1488.9426320599223
market1501,repair_random,1,1,200,52,148,0,52,104,400,0,52,1.0,0,545,0.030921459492888048,0.38190094233611993,0.8126208164667371,0.519606534219378,0.9258644721296809,268,8.512819290161133,0.49076586961746216,0.49076586961746216,3210,0.0,0.26,135,65,568.5530856470987
market1501,repair_random,1,2,400,122,278,27,121,243,630,0,121,1.0,0,552,0.03014842300556586,0.3857053359671161,0.8127689955478922,0.5231473553466413,0.9265023858162753,267,3.9465317726135254,0.5520284473896027,0.49076586961746216,3310,0.0,0.35,134,66,213.37364298461793
market1501,repair_random,1,3,600,186,414,56,179,365,797,0,177,1.0,2,558,0.02929808286951141,0.3869297661432853,0.8139678990226916,0.52452164402112,0.9267832736050173,278,3.4442636966705322,0.5548185408115387,0.49076586961746216,3425,0.0,0.32,148,52,306.7760902620223
market1501,repair_random,1,4,800,251,549,118,230,481,946,0,225,1.0,5,563,0.028061224489795866,0.3919572591697419,0.8148367672712822,0.5293052152607631,0.9267584045492788,286,4.374669551849365,0.5576134026050568,0.49076586961746216,3457,0.0,0.325,139,61,347.99933758256134
market1501,repair_random,1,5,1000,301,699,209,276,577,1059,0,267,1.0,9,567,0.027752009894867036,0.3923150291181229,0.811738477392587,0.5289751704099055,0.9263356960940028,293,4.7168474197387695,0.5265620052814484,0.49076586961746216,3481,0.0,0.25,143,57,378.60827464488534
market1501,random,1,1,200,127,73,0,124,251,393,0,104,1.0,20,538,0.03146258503401356,0.3795846291875509,0.806444442947686,0.5161996818266085,0.9229001375262743,275,8.729883193969727,0.49076586961746216,0.49076586961746216,91249,0.4176593716095519,0.635,,,
market1501,random,1,2,400,252,148,1,240,492,776,0,181,1.0,59,545,0.03130797773654914,0.36475145647599705,0.8079666462359145,0.5026050340948371,0.9214302777083601,299,4.025282859802246,0.6947413682937622,0.49076586961746216,91249,0.4176593716095519,0.625,,,
market1501,random,1,3,600,386,214,2,356,742,1146,0,248,1.0,108,546,0.030844155844155896,0.36693729920770307,0.8069832759700678,0.5044843238144964,0.9203225354745089,315,4.31035590171814,0.6777452230453491,0.49076586961746216,91249,0.4176593716095519,0.67,,,
market1501,random,1,4,800,519,281,5,470,989,1506,0,299,1.0,171,554,0.030534941249226955,0.3689285659219514,0.8058113141463875,0.5061321532974867,0.9198976917410912,330,4.6084303855896,0.6685645580291748,0.49076586961746216,91249,0.4176593716095519,0.665,,,
market1501,random,1,5,1000,652,348,6,586,1238,1851,0,339,1.0,247,556,0.03038033395176254,0.3699496126198331,0.8021135725302925,0.5063576933297901,0.9186761253408077,342,5.014831304550171,0.6778342127799988,0.49076586961746216,91249,0.4176593716095519,0.665,,,
market1501,cover,1,1,200,51,149,0,51,102,400,0,50,1.0,1,530,0.03038033395176254,0.3673465060416143,0.8168102432157555,0.5067781594497238,0.9244460754913498,261,33.77862095832825,0.49076586961746216,0.49076586961746216,91249,0.4176593716095519,0.255,,,
market1501,cover,1,2,400,107,293,178,106,213,789,0,93,1.0,13,529,0.030071119356833598,0.36403490372110586,0.8182516215506267,0.5038916436983992,0.9241301137775128,267,73.53337383270264,0.4909631311893463,0.49076586961746216,91249,0.4176593716095519,0.28,,,
market1501,cover,1,3,600,158,442,234,148,306,1108,0,117,1.0,31,529,0.02929808286951141,0.3583237918073367,0.8199556809839091,0.49870957698704665,0.9240347043055954,267,73.2106397151947,0.49487900733947754,0.49076586961746216,91249,0.4176593716095519,0.255,,,
market1501,cover,1,4,800,213,587,370,198,411,1471,0,145,1.0,53,532,0.02922077922077926,0.3738958185025844,0.8136513346220423,0.5123515827287783,0.9232786113751956,277,97.89867782592773,0.4947667866945267,0.49076586961746216,91249,0.4176593716095519,0.275,,,
market1501,cover,1,5,1000,264,736,407,238,502,1770,0,164,1.0,74,532,0.028834260977118165,0.3696518440216839,0.8078790858697775,0.5072206364309124,0.9216974117958336,292,102.93818807601929,0.5019316077232361,0.49076586961746216,91249,0.4176593716095519,0.255,,,
market1501,none,2,1,0,0,0,0,0,0,0,0,0,nan,0,528,0.03153988868274582,0.37752790053179536,0.8147761485562642,0.515976992618785,0.9248926467451243,255,8.961240768432617,,,,,,,,
market1501,none,2,2,0,0,0,0,0,0,0,0,0,nan,0,528,0.03153988868274582,0.37752790053179536,0.8147761485562642,0.515976992618785,0.9248926467451243,255,1.4226322174072266,,,,,,,,
market1501,none,2,3,0,0,0,0,0,0,0,0,0,nan,0,528,0.03153988868274582,0.37752790053179536,0.8147761485562642,0.515976992618785,0.9248926467451243,255,1.7082743644714355,,,,,,,,
market1501,none,2,4,0,0,0,0,0,0,0,0,0,nan,0,528,0.03153988868274582,0.37752790053179536,0.8147761485562642,0.515976992618785,0.9248926467451243,255,1.6090545654296875,,,,,,,,
market1501,none,2,5,0,0,0,0,0,0,0,0,0,nan,0,528,0.03153988868274582,0.37752790053179536,0.8147761485562642,0.515976992618785,0.9248926467451243,255,1.7878615856170654,,,,,,,,
market1501,repair,2,1,200,18,182,0,18,36,400,0,18,1.0,0,529,0.03153988868274582,0.39009433814081923,0.8363766173409938,0.5320399664090216,0.92746042617829,250,18.962626695632935,0.4904903471469879,0.4904903471469879,3210,0.0,0.09,181,19,2723.047903979519
market1501,repair,2,2,400,135,265,25,134,269,636,0,133,1.0,1,600,0.03153988868274582,0.4524868139190802,0.8095292620008218,0.5805018232751334,0.9326391362188852,304,8.338448762893677,0.5566308498382568,0.4904903471469879,3181,0.0,0.585,18,182,1303.067944526048
market1501,repair,2,3,600,229,371,183,226,455,874,0,222,1.0,4,603,0.03130797773654914,0.4566961804630342,0.8080811482531707,0.5835771491666484,0.9322186338145128,308,8.548565864562988,0.5388211905956268,0.4904903471469879,3777,0.0,0.47,136,64,1414.6206487171717
market1501,repair,2,4,800,306,494,476,299,605,1043,0,288,1.0,11,608,0.030921459492888048,0.48271692631847785,0.8147492069051452,0.6062481675733785,0.9337647495776388,316,9.022163391113281,0.5433139503002167,0.4904903471469879,3988,0.0,0.385,143,57,1499.4160135379866
market1501,repair,2,5,1000,347,653,890,332,679,1135,0,315,1.0,17,614,0.030612244897959218,0.5370521481283304,0.8112265860213244,0.6462624820917867,0.9351691609098589,332,7.014336824417114,0.5943246781826019,0.4904903471469879,3950,0.0,0.205,127,73,1475.090648756846
market1501,repair_random,2,1,200,61,139,0,61,122,400,0,60,1.0,1,536,0.031153370439084727,0.3900600216789892,0.8119540106015397,0.5269668913543334,0.9260156408609451,265,13.785133838653564,0.4904903471469879,0.4904903471469879,3210,0.0,0.305,136,64,660.8093641983255
market1501,repair_random,2,2,400,117,283,14,114,231,617,0,112,1.0,2,555,0.03045763760049469,0.3983598417823808,0.8051849207578686,0.5330143882005163,0.9271782178252421,279,8.81665849685669,0.5841089487075806,0.4904903471469879,3257,0.0,0.28,132,68,407.09286578736965
market1501,repair_random,2,3,600,179,421,50,172,351,788,0,168,1.0,4,562,0.02983920841063703,0.40338662655253665,0.8163859122106298,0.5399681475459133,0.9282487170674308,279,6.095240354537964,0.5559652745723724,0.4904903471469879,3449,0.0,0.31,140,60,441.5025273058159
market1501,repair_random,2,4,800,238,562,120,227,465,917,0,219,1.0,8,565,0.0287569573283859,0.4024380929610111,0.8162579393678142,0.539089780830327,0.9275979494613896,286,6.787920951843262,0.5559652745723724,0.4904903471469879,3495,0.0,0.295,147,53,263.56043870814773
market1501,repair_random,2,5,1000,288,712,212,270,558,1030,0,260,1.0,10,574,0.028061224489795866,0.4085141385401637,0.8161973206527962,0.5445007357814449,0.9289584997504257,284,9.53418779373169,0.5387738049030304,0.4904903471469879,3529,0.0,0.25,143,57,329.0505113686853
market1501,random,2,1,200,139,61,0,136,275,394,0,120,1.0,16,536,0.031153370439084727,0.41689478622357007,0.7990691659538355,0.5479237579726678,0.9236915165904477,287,18.402997255325317,0.4904903471469879,0.4904903471469879,91249,0.4176593716095519,0.695,,,
market1501,random,2,2,400,266,134,0,257,523,777,0,207,1.0,50,540,0.030766852195423633,0.38251880920514053,0.7930948548181775,0.5161112170362724,0.9208011371268683,294,8.489206790924072,0.6230145990848541,0.4904903471469879,91249,0.4176593716095519,0.635,,,
market1501,random,2,3,600,400,200,0,383,783,1150,0,274,1.0,109,539,0.030534941249226955,0.3596898847856941,0.7971495733116004,0.4957068782093703,0.9187846937498061,301,8.188140153884888,0.6316085755825043,0.4904903471469879,91249,0.4176593716095519,0.67,,,
market1501,random,2,4,800,533,267,2,496,1029,1503,0,318,1.0,178,539,0.03038033395176254,0.3157338029643669,0.7921384262034499,0.45150491400491405,0.915180788067238,320,6.731325149536133,0.6355809569358826,0.4904903471469879,91249,0.4176593716095519,0.665,,,
market1501,random,2,5,1000,656,344,3,603,1259,1851,0,355,1.0,248,536,0.03038033395176254,0.2816159139294404,0.7982945934841617,0.4163538737434858,0.9132187144816146,320,7.986047029495239,0.6486490964889526,0.4904903471469879,91249,0.4176593716095519,0.615,,,
market1501,cover,2,1,200,50,150,0,50,100,400,0,49,1.0,1,532,0.030766852195423633,0.37071628180614796,0.8148771797479608,0.5095983539059983,0.9242242961879874,265,49.250547647476196,0.4904903471469879,0.4904903471469879,91249,0.4176593716095519,0.25,,,
market1501,cover,2,2,400,93,307,58,85,178,729,0,75,1.0,10,538,0.030071119356833598,0.37325748384381113,0.8122773104149688,0.5114798596163838,0.9241466524943941,273,25.895171403884888,0.49487900733947754,0.4904903471469879,91249,0.4176593716095519,0.215,,,
market1501,cover,2,3,600,148,452,177,134,282,1083,0,107,1.0,27,541,0.029607297464440352,0.3766808969802668,0.8088355144845052,0.5139918505709736,0.9242813075939543,275,30.35152506828308,0.4954351931810379,0.4904903471469879,91249,0.4176593716095519,0.275,,,
market1501,cover,2,4,800,203,597,222,177,380,1394,0,135,1.0,42,537,0.028602350030921486,0.36526019434005863,0.8091722851234938,0.5033212743806259,0.9214016644492593,289,86.22154664993286,0.500307023525238,0.4904903471469879,91249,0.4176593716095519,0.275,,,
market1501,cover,2,5,1000,270,730,308,232,502,1723,0,165,1.0,67,531,0.028061224489795866,0.349985571005377,0.8005240151142663,0.48703958300465316,0.9189570949997201,292,52.29936099052429,0.5018908083438873,0.4904903471469879,91249,0.4176593716095519,0.335,,,
